Name,Year,Mean_SPVgeneral,Skew_SPVgeneral,Variance_TA,Skew_TA,Kurtosis_TA,CREDI_TA,Down Hours_TA,Mean_WOF20,Variance_WOF20,Down Hours_WOF20,Days above 25,Days below -2
2016_BCCS_SP126,2016.0,0.0218987851598173,1.737179371665894,44.014731031658165,-0.1865003918690108,-0.5376240169453168,-6260.25677469185,7450.0,0.2628050006088975,0.0346969577215275,339.0,0.0,10.0
2017_BCCS_SP126,2017.0,0.0225919723744292,1.652622824532339,51.63824531931038,0.2698883376098093,-0.5307293963183572,9063.716805308142,7665.0,0.2700832676992554,0.0348953515874543,365.0,9.0,2.0
2018_BCCS_SP126,2018.0,0.021345609741248,1.7791688547358129,45.55391230390807,0.2060428062486745,-0.2379883998303711,-2652.053624691865,7727.0,0.2869528966777029,0.0346286362132836,311.0,2.0,5.0
2019_BCCS_SP126,2019.0,0.019716456392694,1.857714146685041,49.49018993881887,0.2565814933132769,-0.3966526671081762,-9306.426544691873,7728.0,0.2512633978510992,0.030946469888816,388.0,3.0,7.0
2020_BCCS_SP126,2020.0,0.0220839060121765,1.716721350546368,45.08222021903141,-0.104471660386886,-0.7298019883949425,527.9421053081434,7213.0,0.2385183030660527,0.0311206201169426,380.0,0.0,7.0
2021_BCCS_SP126,2021.0,0.0211832443683409,1.736051724182999,44.80165785042586,-0.111101503248184,-0.0059064591509159,6082.180435308107,7306.0,0.2905143269652802,0.0361154475603039,292.0,4.0,11.0
2022_BCCS_SP126,2022.0,0.0196426025114155,1.84195223501044,40.78610379706338,0.1897150253903998,-0.418982608194089,-3976.09720469187,7611.0,0.2584228017784881,0.0331183191580018,347.0,0.0,3.0
2023_BCCS_SP126,2023.0,0.0216523767123287,1.7233157069602234,34.97567974753433,0.3306730762368574,-0.3817309700537521,2125.7051453081367,7521.0,0.2523840026004997,0.0331227918223999,330.0,1.0,0.0
2024_BCCS_SP126,2024.0,0.0188030631659056,1.9705954295724093,35.78872674222377,0.4441859475757986,0.0075705649287969,-6817.007934691856,7745.0,0.2651109673351854,0.034793983328709,296.0,1.0,1.0
2025_BCCS_SP126,2025.0,0.0217411578386605,1.749008423839694,42.938257734246704,0.2015792938639405,-0.3796863355697097,11600.458415308149,7433.0,0.2866302517156956,0.0334528551466653,271.0,3.0,0.0
2026_BCCS_SP126,2026.0,0.0203698830289193,1.7966341094175604,28.147393207264106,0.2005596066816055,-0.4066330468138921,3796.99491530818,7492.0,0.2991097877738453,0.0337872721378807,170.0,0.0,0.0
2027_BCCS_SP126,2027.0,0.0209525866057838,1.8294220820446567,44.45351591889151,0.0306449466128286,-0.7793331884992307,-6944.95234469186,7304.0,0.250672721327904,0.0316000215203464,324.0,0.0,4.0
2028_BCCS_SP126,2028.0,0.0212842746575342,1.7700675752841386,44.53829238614068,-0.1288307572812179,-0.5320232482586675,-2291.539034691864,7405.0,0.2590295385571666,0.0338320012575636,315.0,0.0,9.0
2029_BCCS_SP126,2029.0,0.0209307983257229,1.8125996045809485,37.860127458719845,-0.0323616423762677,-0.0916991328253247,7112.746815308136,7390.0,0.2700266205173091,0.0351316205044088,415.0,0.0,2.0
2030_BCCS_SP126,2030.0,0.0217086445205479,1.7344058260347377,61.23050189485531,0.0319254482771248,-0.5697843976388035,-5154.784804691875,7495.0,0.2563499047963365,0.0326005138681328,280.0,3.0,18.0
2031_BCCS_SP126,2031.0,0.0227953006849315,1.666353731755538,46.96764249537176,-0.2568812866005464,-0.5913142442926613,-5789.804864691858,7388.0,0.2318316480572363,0.0299362363085228,408.0,0.0,12.0
2032_BCCS_SP126,2032.0,0.0200847210806697,1.832057674707352,41.60670495588391,0.0042557371250499,-0.272704792019351,-7767.252234691869,7626.0,0.2790598516827136,0.0342445849365249,306.0,0.0,5.0
2033_BCCS_SP126,2033.0,0.0227236314307458,1.6561903697267824,56.60157337396372,0.0004646579642921,-0.5631762822988047,559.1798853081411,7644.0,0.2584458775735433,0.0320223362788894,269.0,1.0,11.0
2034_BCCS_SP126,2034.0,0.0231962436073059,1.7106699675973558,73.17447043792635,0.1438194912271483,-0.6346990347452168,-13677.8908646918,7841.0,0.2629247664370616,0.0328459612613989,300.0,2.0,20.0
2035_BCCS_SP126,2035.0,0.0199447110350076,1.8540321589523845,60.35827381808901,-0.0387266476959289,-0.1918057375248976,-4713.271164691871,7718.0,0.2530198342022808,0.0329014159773356,394.0,8.0,17.0
2036_BCCS_SP126,2036.0,0.0215029945966514,1.7796600297240135,42.1722352915457,0.1033114674377496,-0.4435140661157519,-2355.832824691849,7548.0,0.2533176322512717,0.0333719661932494,337.0,1.0,5.0
2037_BCCS_SP126,2037.0,0.0190274654490106,1.937178967386392,42.65100490139982,0.389755928457388,0.0939482066579162,-9011.047384691885,7733.0,0.2588367253364793,0.0321666365890026,225.0,6.0,4.0
2038_BCCS_SP126,2038.0,0.0217783191780821,1.7225932884013444,41.78356446975024,0.2649234942002475,-0.01700007930466,-5789.50720469184,7676.0,0.2687080970937829,0.0364211011031383,346.0,2.0,5.0
2039_BCCS_SP126,2039.0,0.0221058642313546,1.6968069181660022,37.97963792100722,0.056910791230749,-0.5035173390611623,7086.538685308181,7289.0,0.2389661394375309,0.0350828713243468,499.0,0.0,3.0
2040_BCCS_SP126,2040.0,0.0212426804414003,1.740922812220837,36.56916447233493,0.2863163574953264,-0.5856259784521862,-1310.733714691864,7465.0,0.2498907432608999,0.0337230240086537,310.0,2.0,0.0
2041_BCCS_SP126,2041.0,0.0206486757229832,1.8223473973410933,47.979189263382935,-0.2366083812770559,-0.4329681669230911,-8943.070654691868,7453.0,0.2242329917671982,0.0295897541947497,342.0,0.0,20.0
2042_BCCS_SP126,2042.0,0.0196896211567732,1.891233526734676,45.139454061599686,-0.0612370327737288,-0.5903310292176958,-11752.40971469182,7381.0,0.2725361319912217,0.0313034744034757,215.0,0.0,10.0
2043_BCCS_SP126,2043.0,0.0230452118721461,1.6847033426792544,47.84510867913371,0.3238000388752302,-0.5108439388222963,3186.4565053081456,7732.0,0.2511202640078142,0.0299777434169602,258.0,5.0,2.0
2044_BCCS_SP126,2044.0,0.0201492845509893,1.7743173946462456,50.97443427549656,0.1114014594945694,0.1293935280738347,-9130.220014691851,7848.0,0.2774316154685339,0.0353981518901099,347.0,2.0,14.0
2045_BCCS_SP126,2045.0,0.0213121738203957,1.7663412871849435,61.18291750141244,-0.1189964436993578,-0.1684818302685733,-4495.860794691847,7503.0,0.2775038531415306,0.0333743323546505,256.0,4.0,16.0
2046_BCCS_SP126,2046.0,0.02015905913242,1.8822082733899348,43.32774435569548,0.1540066333567579,-0.2853944931689689,-11325.915324691883,7849.0,0.2611990937575319,0.0367223633910052,511.0,0.0,7.0
2047_BCCS_SP126,2047.0,0.0240172412480974,1.5916578722725947,56.08436968679715,0.232467547916006,-0.5170987216955623,6514.530655308153,7714.0,0.2372820450964721,0.0328314529916665,384.0,4.0,3.0
2048_BCCS_SP126,2048.0,0.02228405761035,1.7183287408937205,35.99386831135356,0.193237086475434,-0.2612184860907529,16105.32771530811,7270.0,0.2742719134984968,0.0339445694633388,308.0,0.0,0.0
2049_BCCS_SP126,2049.0,0.0218309761796042,1.7065186192125386,46.622051828003215,0.188943922417169,-0.464959480711054,10132.037815308147,7615.0,0.2848543071761109,0.0326377160563441,230.0,4.0,5.0
2050_BCCS_SP126,2050.0,0.0237693959665144,1.6418664436062278,46.34002825036615,0.2767320590036118,-0.612803594343692,13448.0737253081,7420.0,0.2530180129517575,0.033168197738497,371.0,8.0,0.0
2051_BCCS_SP126,2051.0,0.0238475785388127,1.6275986110084073,43.22057146340876,0.1885344273733985,-0.3395222895572609,16541.18098530806,7604.0,0.2456524824371123,0.0343100295090048,371.0,7.0,4.0
2052_BCCS_SP126,2052.0,0.0239955038812785,1.602399334776605,52.743422894500135,0.3478653805287997,-0.3967799313374587,18504.89618530809,7608.0,0.2481954056779693,0.0323862655725667,301.0,15.0,3.0
2053_BCCS_SP126,2053.0,0.0209052719178082,1.791942085408181,33.05901574584608,0.2429996313759164,-0.4343145625897695,1277.0823653081682,7587.0,0.2728203331684236,0.0360793356106678,370.0,0.0,0.0
2054_BCCS_SP126,2054.0,0.019573803652968,1.8490156885494369,34.31667279581404,0.2047163101786357,-0.3719387638198519,1224.2039553081495,7441.0,0.2711853753853179,0.0376491525498659,326.0,0.0,1.0
2055_BCCS_SP126,2055.0,0.019627701065449,1.8630388840359176,40.07006558977041,0.0524849576622886,-0.4501046726487483,-10937.986604691869,7516.0,0.2551156478415851,0.0309372775555024,282.0,1.0,5.0
2056_BCCS_SP126,2056.0,0.0222674123287671,1.6652794127071546,44.90655905257957,0.258691305935059,-0.3185933489127501,6934.114615308175,7581.0,0.2668520860575154,0.0323295618721225,194.0,3.0,0.0
2057_BCCS_SP126,2057.0,0.0221181784627092,1.6660791266502826,49.62296912867357,0.1305776710076571,-0.2333775137365146,5739.731875308136,7569.0,0.2580615822836193,0.0340422516955464,390.0,4.0,11.0
2058_BCCS_SP126,2058.0,0.0210979387366818,1.8029617241275715,47.145855686054176,-0.2610880762634611,-0.1172636921041343,-6572.938164691798,7507.0,0.2503032874249978,0.0338248548838118,393.0,0.0,15.0
2059_BCCS_SP126,2059.0,0.0228145750380517,1.679864875896118,43.74280659786658,0.1705151342876361,-0.741639593210397,4859.329105308129,7496.0,0.2358399577704202,0.0327597273256483,432.0,2.0,0.0
2060_BCCS_SP126,2060.0,0.0202073337899543,1.7772069107069564,48.76257781765618,0.1518752263729422,-0.3275636292446253,-8602.751564691836,7748.0,0.2544701856883713,0.0328036505751821,251.0,4.0,8.0
2061_BCCS_SP126,2061.0,0.0200291474885844,1.8744417344417752,51.47356850144634,-0.0294689237806253,-0.4023953355533347,-8812.404604691865,7504.0,0.2335797822303408,0.0306760541741166,306.0,2.0,10.0
2062_BCCS_SP126,2062.0,0.0194205828767123,1.8941210941948263,46.20888363083312,0.1023744975465858,-0.3238018971861796,-10610.508984691847,7701.0,0.2465481671804239,0.0329987360303837,334.0,2.0,4.0
2063_BCCS_SP126,2063.0,0.0208293719939117,1.7776415764599005,36.198142401733065,0.0416126712948329,-0.6193399228481047,6648.154155308123,7302.0,0.2696862221587954,0.0361823986617256,360.0,0.0,0.0
2064_BCCS_SP126,2064.0,0.0218030690258751,1.7106834793068524,39.04945772921174,0.1626784708526943,-0.5564218331064184,-5472.307124691864,7466.0,0.2675670495363499,0.0314181213081867,288.0,1.0,2.0
2016_CMR5_SP126,2016.0,0.0208689363774733,1.5738785408999283,38.98091650688272,0.0421853510297578,-0.9141377879799246,-6328.002440644265,7273.0,0.2600208138422701,0.0347005341964521,350.0,0.0,0.0
2017_CMR5_SP126,2017.0,0.019418253196347,1.689982618841376,35.10638791353664,0.0832471575751297,-0.2228080976497506,-9370.914160644266,7483.0,0.2590110423310626,0.0334754606199276,314.0,0.0,5.0
2018_CMR5_SP126,2018.0,0.0209235181126331,1.603781678288752,37.55809240547536,-0.2675252601078183,-0.1105269778396431,-11039.538030644257,7454.0,0.2709973929545483,0.0297942321139698,245.0,0.0,8.0
2019_CMR5_SP126,2019.0,0.0206790665144596,1.6393143073206595,48.02096097711837,-0.3176207781072992,-0.2230617166284529,-24905.40751064423,7561.0,0.2694879887100251,0.0322679974575929,272.0,0.0,16.0
2020_CMR5_SP126,2020.0,0.0216898640791476,1.5618316162678847,45.20260684915288,-0.0546840661158011,-0.2244138366494485,-10202.729650644247,7511.0,0.277843178724106,0.0314174565702722,169.0,0.0,12.0
2021_CMR5_SP126,2021.0,0.0199599618721461,1.6335855444779006,52.03815866762166,-0.2885403225163315,-0.2339097494905111,-8289.12432064428,7375.0,0.253207008029836,0.0307147917748376,259.0,0.0,15.0
2022_CMR5_SP126,2022.0,0.0207733219939117,1.569221034079756,48.12084199293492,-0.1592757913452925,-0.1601850633466384,-17006.444330644204,7632.0,0.2458739746165848,0.0328294079005526,379.0,2.0,17.0
2023_CMR5_SP126,2023.0,0.0219704321156773,1.542213631411811,50.08481087654819,0.1893275459649905,-0.2793526121824459,-11880.885800644264,7673.0,0.2703537769659144,0.0341072619344031,319.0,3.0,6.0
2024_CMR5_SP126,2024.0,0.0221754990106544,1.530087303816249,49.51696703151818,0.2853808228652697,-0.3488988649528832,-6447.377970644266,7654.0,0.273739721188365,0.0353229445147856,395.0,6.0,4.0
2025_CMR5_SP126,2025.0,0.0211463026636225,1.534659932131873,50.754156933653626,-0.0628310805897725,-0.7029325885068567,-17820.88134064423,7517.0,0.2592000897235859,0.0311450979317021,334.0,1.0,14.0
2026_CMR5_SP126,2026.0,0.0197025616438356,1.6513146632954678,34.527745379907195,0.0569057994070944,0.1107393673167824,-21735.641720644307,7900.0,0.2792658363841636,0.0315772750536409,284.0,0.0,9.0
2027_CMR5_SP126,2027.0,0.0200777679604261,1.632690548178218,47.98513747273076,0.2390281887878825,-0.3809944820593762,-17588.624730644326,7720.0,0.237945665880174,0.0320498500673703,552.0,5.0,5.0
2028_CMR5_SP126,2028.0,0.0195260713850837,1.6521315423413772,30.61075162187133,0.0779614207517663,-0.0863131135480919,-4888.339360644269,7507.0,0.2928065178165949,0.0342493911747528,235.0,1.0,1.0
2029_CMR5_SP126,2029.0,0.0214999390410958,1.5533180217860256,38.49540569302409,-0.2827559281401569,-0.4156300024254173,-7040.618600644285,7274.0,0.2543716174093948,0.029562527627316,245.0,0.0,9.0
2030_CMR5_SP126,2030.0,0.0212432966514459,1.5071869588162148,33.37909869778031,0.0048883194306774,-0.338434926742571,-6442.748630644283,7355.0,0.2504104962895307,0.0319681570920133,293.0,0.0,1.0
2031_CMR5_SP126,2031.0,0.0218677458904109,1.5110119191488038,39.48700490622138,0.1468050651417757,-0.4338431507201212,-6677.536180644257,7587.0,0.2626433809795638,0.0320623744821857,234.0,0.0,3.0
2032_CMR5_SP126,2032.0,0.022685655022831,1.4964955686031136,40.40312345094044,0.1922164200339972,-0.5763241232789107,-5426.29690064421,7500.0,0.2614251636538925,0.0340206526342118,384.0,0.0,1.0
2033_CMR5_SP126,2033.0,0.022209403500761,1.530405733797124,52.886040941316125,0.0842643898877267,-0.6329931199940462,-4271.974470644235,7422.0,0.2507451315345486,0.0327582810967233,431.0,5.0,6.0
2034_CMR5_SP126,2034.0,0.0220747929223744,1.513211111394141,42.276299436931374,-0.0428190292615455,-0.3613231314529326,-6352.191830644252,7368.0,0.2591055976202255,0.0327949165765177,350.0,1.0,7.0
2035_CMR5_SP126,2035.0,0.0201292044901065,1.6235836682852332,49.56976375730502,0.3895470196160783,-0.4507127432590208,-3312.2479306442715,7856.0,0.2502106556557699,0.0342668478901348,320.0,7.0,0.0
2036_CMR5_SP126,2036.0,0.0218671423896499,1.5491709656504016,47.1003570153084,0.0887494471496521,-0.4783123444662549,-7982.992880644254,7549.0,0.2841484015425403,0.0351087046021638,318.0,3.0,9.0
2037_CMR5_SP126,2037.0,0.0223150115677321,1.492944491100432,46.49669419599464,-0.05848335260065,-0.3564262579754205,-11278.141740644238,7591.0,0.239864625972016,0.0328348509891351,362.0,0.0,12.0
2038_CMR5_SP126,2038.0,0.0214182774733637,1.5526465546184056,36.4322015270217,0.0431810648445898,-0.6377063206055911,-1765.0118706442406,7458.0,0.2553745539571996,0.0324248362485384,340.0,0.0,1.0
2039_CMR5_SP126,2039.0,0.0232591338660578,1.4361316968442313,66.37089745617465,-0.1125982882871365,-0.1057178253648118,2848.869359355732,7662.0,0.2289670039832045,0.0286870121248216,377.0,13.0,19.0
2040_CMR5_SP126,2040.0,0.0212990187214611,1.6263123873654817,58.78230735723545,-0.5663561334126197,0.6394523700680947,-19055.18943064422,7524.0,0.247797534573962,0.0319985420765313,412.0,0.0,21.0
2041_CMR5_SP126,2041.0,0.0220603127853881,1.5346756321284718,44.42499093597026,-0.0461049946707438,-0.2030645546513567,-3918.760930644262,7513.0,0.2769344609481041,0.0321547369522391,265.0,2.0,8.0
2042_CMR5_SP126,2042.0,0.0234192923135464,1.4434761246809005,55.63478495733173,0.1442982094260679,-0.6909422386613153,-5792.442510644296,7658.0,0.250256685973792,0.0338395440190712,492.0,2.0,6.0
2043_CMR5_SP126,2043.0,0.0231229358447488,1.4953119557465056,61.71548690212448,0.3330920112731135,-0.6064738068748459,-1563.2171506442494,7750.0,0.2588883446867349,0.0352308780763403,445.0,11.0,2.0
2044_CMR5_SP126,2044.0,0.0219298864535768,1.548259922203862,47.11056797800303,0.3020754861244077,-0.5531001345772104,3093.3132193557417,7639.0,0.2747543166647638,0.0350711309663703,383.0,6.0,0.0
2045_CMR5_SP126,2045.0,0.0212093685692541,1.5593683133031324,42.296399655978135,0.1105476771937529,-0.7176859771397592,-4049.1719006442618,7264.0,0.2669151741827453,0.0332111365399261,319.0,1.0,1.0
2046_CMR5_SP126,2046.0,0.0222924250380517,1.5147681269783595,47.78454273339829,-0.0179323555985965,-0.6303441810978163,-3980.93453064426,7356.0,0.240504690388299,0.032650543581681,441.0,2.0,1.0
2047_CMR5_SP126,2047.0,0.0226999654490106,1.5081619216475497,42.2475186825214,-0.0534842661013481,-0.5177789278289575,5473.879059355748,7236.0,0.2460766227879895,0.0314055357163441,369.0,2.0,4.0
2048_CMR5_SP126,2048.0,0.0223847595129375,1.473226980006268,42.69660079088012,0.2042085843556295,-0.5480567405076808,-363.6236606442639,7517.0,0.2756279669419391,0.0367644770168028,368.0,1.0,0.0
2049_CMR5_SP126,2049.0,0.0219429624809741,1.495401159685593,49.21607103713165,0.1509168356919616,-0.6451789091521651,-9455.05815064426,7570.0,0.2674397937359668,0.0318913496179291,275.0,2.0,9.0
2050_CMR5_SP126,2050.0,0.0214467796803653,1.510246544827035,52.76882646126117,0.0235069812894397,-0.488426933781604,5488.244259355746,7452.0,0.2604998167345333,0.0348000099307889,393.0,6.0,5.0
2051_CMR5_SP126,2051.0,0.0213782219178082,1.5868509705829608,51.78366344343031,-0.1930675399688455,-0.3453528935819152,-3161.188130644262,7394.0,0.2456985062221714,0.0346928614621722,605.0,3.0,13.0
2052_CMR5_SP126,2052.0,0.0222570369101978,1.4656629953359133,44.02747570028216,-0.1678558404544145,-0.3849126060762469,4434.399969355739,7242.0,0.2425549695043828,0.0306832508638333,306.0,1.0,9.0
2053_CMR5_SP126,2053.0,0.0211305490106544,1.5071535752889396,35.461701816632335,0.0777213545468264,-0.9265618402787116,1922.5233393557469,7384.0,0.2695528343418198,0.0338253780221167,256.0,0.0,0.0
2054_CMR5_SP126,2054.0,0.022669853500761,1.442009351240077,40.95281643249991,0.1375264488003865,-0.6648463451237334,4315.554699355741,7404.0,0.2592939591150689,0.0335555161621094,385.0,2.0,0.0
2055_CMR5_SP126,2055.0,0.0224685419330289,1.5172069502139665,42.79991684490991,0.0837990280253747,-0.6803541860898941,392.9862393557475,7170.0,0.2722131513364031,0.0303406178258263,310.0,1.0,3.0
2056_CMR5_SP126,2056.0,0.0232683824200913,1.4201589743859395,69.7436328407349,-0.157891545934569,-0.7329851134570098,-10946.058530644294,7617.0,0.2027631105783258,0.0321269302655279,552.0,2.0,30.0
2057_CMR5_SP126,2057.0,0.0221622942161339,1.4600420694118554,69.78789969063442,-0.2707286724307579,-0.7989617647624923,-6543.670230644255,7485.0,0.2253201462242011,0.0276160568449512,294.0,3.0,28.0
2058_CMR5_SP126,2058.0,0.0223365227549467,1.5058680990808218,44.10240194382043,0.1683884074464007,-0.7517172784488149,9795.566109355748,7463.0,0.2737404779211224,0.0336692624188434,331.0,2.0,0.0
2059_CMR5_SP126,2059.0,0.0224208576864535,1.4620160820994448,47.67021053733981,-0.020341645138199,-0.6076472712064573,14456.159899355776,7445.0,0.2447336518501605,0.0351319117794958,614.0,6.0,3.0
2060_CMR5_SP126,2060.0,0.0218945547945205,1.552484359977203,40.98127119639532,0.2431687130321759,-0.049545124702091,3875.299069355757,7664.0,0.2685582927655364,0.0351735005295787,381.0,5.0,4.0
2061_CMR5_SP126,2061.0,0.0233037017503805,1.4093665578796026,44.26666310150993,0.0658207113675557,-0.3801566229665871,10614.202499355712,7368.0,0.2476420121398941,0.0324853715958802,486.0,6.0,3.0
2062_CMR5_SP126,2062.0,0.0230001979452054,1.480479496817726,42.67996767622584,0.2503877529325189,-0.5809930993744907,17167.215349355716,7359.0,0.2966196250332991,0.0384060375907323,319.0,5.0,0.0
2063_CMR5_SP126,2063.0,0.0216281827245053,1.5341456936952274,45.180587278927206,0.0953612609209864,-0.8964983850375572,2221.722139355742,7386.0,0.2601116206061067,0.03196163506667,336.0,3.0,0.0
2064_CMR5_SP126,2064.0,0.0232687011415525,1.4030478871411471,65.47599292888128,0.0358506691715633,-0.5419080175587814,5693.600549355746,7536.0,0.2403563931955702,0.0342636066760342,389.0,15.0,11.0
2016_ECE3_SP126,2016.0,0.0202968915525114,1.554076733632742,39.63787252999311,0.0433670377495192,-0.2204897059030734,-5845.877431297701,7619.0,0.2577090007864926,0.0334850926467671,211.0,0.0,3.0
2017_ECE3_SP126,2017.0,0.0226055187975646,1.5095864170263316,42.46645708978671,0.4039788126219575,-0.5847857488709982,7377.268148702232,7540.0,0.2620891424059063,0.0312818711586283,186.0,6.0,0.0
2018_ECE3_SP126,2018.0,0.020723204261796,1.5349227152597955,47.21823848670619,-0.2078815086501942,-0.0446813325357648,-2593.147291297726,7449.0,0.2613710002156512,0.0308327401200469,281.0,3.0,12.0
2019_ECE3_SP126,2019.0,0.0215215669710806,1.536276198724016,46.87306630927531,-0.2095380690334314,-0.4872757679680797,-6712.894361297758,7319.0,0.2597140253580444,0.0331801855875119,280.0,0.0,10.0
2020_ECE3_SP126,2020.0,0.0204457643074581,1.5594867286331136,37.24068927500991,0.3889569085987165,-0.0869193210363215,290.994098702227,7642.0,0.2422744778703809,0.0295991295592836,303.0,3.0,1.0
2021_ECE3_SP126,2021.0,0.0206872302130898,1.5212070603669885,40.10149185077248,-0.0978809676659044,-0.3682905099765321,-4679.310991297792,7198.0,0.2663656754449391,0.0340261322431533,335.0,1.0,6.0
2022_ECE3_SP126,2022.0,0.0217356882800608,1.5209593962199577,43.65968763849293,0.0899579068381028,-0.711921209185062,-205.4040312977692,7435.0,0.2466489036800243,0.0318232515603717,329.0,2.0,1.0
2023_ECE3_SP126,2023.0,0.0211363076864535,1.6098605132005857,41.54651335700538,-0.1095774833640337,-0.1123716101228091,-1920.8327412977767,7450.0,0.2598703007319455,0.0334201906941924,215.0,2.0,8.0
2024_ECE3_SP126,2024.0,0.0205632945966514,1.6073070979812756,40.21424385964969,-0.2247149158083444,-0.4806105741035149,-7593.045841297744,7207.0,0.2806483476677957,0.0334545731705534,160.0,0.0,5.0
2025_ECE3_SP126,2025.0,0.0203013832572298,1.561902208660003,35.954862337009764,0.2939973681113429,-0.2789066844080849,-7763.4490612977725,7417.0,0.2812621055295505,0.0334745445561876,299.0,6.0,0.0
2026_ECE3_SP126,2026.0,0.0217927707762557,1.4928809036323103,50.27518002325035,0.2426363784002577,-0.6872446626128181,-4198.849141297769,7512.0,0.2425986796437949,0.031114339384715,358.0,3.0,0.0
2027_ECE3_SP126,2027.0,0.0211594892694063,1.5489003397495846,35.88840321495524,0.0853753589021625,-0.4712915089226221,2863.5952287022383,7409.0,0.2613663032817039,0.029993625167523,265.0,0.0,1.0
2028_ECE3_SP126,2028.0,0.020601004414003,1.6030911870585864,53.67568294864574,-0.0808916441784087,-0.6177555018972489,-6586.4487712978025,7513.0,0.2310001525034567,0.0307148151013231,331.0,1.0,8.0
2029_ECE3_SP126,2029.0,0.020227455783866,1.5543651731249293,40.5796502352005,-0.2374742601808913,-0.7012111737155537,-12281.764671297744,7370.0,0.2315025735053468,0.0321677559093905,462.0,0.0,8.0
2030_ECE3_SP126,2030.0,0.0202700878995433,1.622662463610107,40.44912065889912,0.3314522315720519,-0.2651986626696856,4857.7495987022485,7476.0,0.2747774836422219,0.0335639972735601,256.0,8.0,1.0
2031_ECE3_SP126,2031.0,0.0205147572298325,1.5594041872617812,35.00716025431681,-0.0963260441950642,-0.0961307442898373,556.8154287022362,7192.0,0.2884868083748779,0.0300526828498814,173.0,1.0,2.0
2032_ECE3_SP126,2032.0,0.0227340343226788,1.5038526881818488,68.94134807323623,-0.1331895411730412,-0.6436312865433238,-15110.586981297853,7606.0,0.2330719743628775,0.0292027573287697,280.0,1.0,28.0
2033_ECE3_SP126,2033.0,0.0224602101217656,1.5123194812672855,50.80486708844539,0.1009013348752273,-0.1915081905261608,-1452.392381297757,7582.0,0.2503515134147733,0.030427908429328,311.0,7.0,7.0
2034_ECE3_SP126,2034.0,0.0214677452815829,1.543728648123029,35.64259113209629,-0.4980905882784022,0.2123593562662842,-2214.862361297768,7122.0,0.2372801252806637,0.0308194126575648,317.0,0.0,8.0
2035_ECE3_SP126,2035.0,0.0212193676560121,1.5318299868924294,41.26659813352177,0.21856202453632,0.150872569321641,1352.9746487022337,7370.0,0.2504927674772614,0.031682564290702,257.0,9.0,0.0
2036_ECE3_SP126,2036.0,0.0213150858447488,1.5881417809189846,56.969756638931,0.0156068264833114,-0.3265608583588006,-3084.692581297756,7528.0,0.2352030569319176,0.0297443191578251,214.0,10.0,10.0
2037_ECE3_SP126,2037.0,0.0205815809741248,1.5656235472367268,42.93683337872316,-0.1853169063262097,-0.3210175780421296,-3405.6452212977274,7341.0,0.2549286203777701,0.0330403033794802,255.0,2.0,4.0
2038_ECE3_SP126,2038.0,0.02077210761035,1.578486786132995,33.79867348249075,0.3660248017606398,0.0228724992244813,2629.6642687022413,7407.0,0.2982100189899913,0.034893745747531,231.0,3.0,1.0
2039_ECE3_SP126,2039.0,0.02033555304414,1.5573736009738313,36.28721934384644,0.1868353859770456,-0.6525000077756151,3497.3192687022324,7531.0,0.2663709978308026,0.0318871198981588,245.0,0.0,1.0
2040_ECE3_SP126,2040.0,0.0214554834094368,1.5563552002391687,50.8663682988808,0.0062430426977923,-0.9040658375178025,1415.8493787022387,7592.0,0.2509725344724791,0.0318688297174517,267.0,0.0,1.0
2041_ECE3_SP126,2041.0,0.0223488190258751,1.5122916153321262,39.25506401383159,0.1294577830018331,-0.5994483796790617,135.5333687022309,7239.0,0.269405022947825,0.0322007217689086,229.0,0.0,1.0
2042_ECE3_SP126,2042.0,0.0202753605783866,1.6374451169112156,34.69425306163643,0.1682858361217302,-0.1333491116707708,-1247.9884512977767,7418.0,0.2752830475447476,0.0319634974438869,259.0,1.0,0.0
2043_ECE3_SP126,2043.0,0.021868650608828,1.502831362164803,57.49801173312477,0.2929601775749834,-0.1791166548627045,2663.0079587022246,7500.0,0.2624969042381803,0.0328285678302942,308.0,15.0,4.0
2044_ECE3_SP126,2044.0,0.0219757541856925,1.5681194415559,47.625980063602334,0.2450582199425491,-0.4390299631010936,8507.74568870224,7585.0,0.2521150194974058,0.0317652914755036,216.0,7.0,2.0
2045_ECE3_SP126,2045.0,0.0208836040334855,1.58830158668662,40.49545144852416,0.202116347849432,0.2950720049632256,5145.246018702222,7518.0,0.2724552515888419,0.0375821594290863,325.0,6.0,3.0
2046_ECE3_SP126,2046.0,0.0213545740487062,1.5607482530800612,60.23730379536911,0.0210264614233822,-0.1244867729044032,-4659.790051297815,7732.0,0.2186551428752648,0.0269592755866796,373.0,12.0,14.0
2047_ECE3_SP126,2047.0,0.0211351222983257,1.555872840719808,55.62878048263498,-0.4881809030247611,0.0185750345417887,-9914.522651297772,7390.0,0.2389946807347363,0.0317297600941833,317.0,0.0,16.0
2048_ECE3_SP126,2048.0,0.0204062436073059,1.5588446372220497,39.78557405266692,-0.1964699087879599,-0.0920641623187723,7880.99950870219,7281.0,0.2692175590186602,0.0313987563817581,305.0,3.0,3.0
2049_ECE3_SP126,2049.0,0.020511253652968,1.6049628873157733,46.569878002056186,0.1384012112128075,-0.7347528279356044,400.7804487022374,7580.0,0.2634464874732021,0.029522372576116,195.0,2.0,1.0
2050_ECE3_SP126,2050.0,0.0216333965753424,1.5169368017066474,45.75216613141803,0.120619721392364,-0.7074977920915817,3565.788658702233,7356.0,0.2433430551813373,0.0291098358860699,367.0,4.0,0.0
2051_ECE3_SP126,2051.0,0.0215931353120243,1.55290980682225,43.20167303766795,0.3335898565826338,-0.31010568933223,6915.514928702221,7546.0,0.2501204089634788,0.0307298871930847,261.0,7.0,0.0
2052_ECE3_SP126,2052.0,0.0206861121765601,1.6097281276137851,39.80370059463425,0.0695121710574281,-0.2330641620528468,-3384.811781297766,7368.0,0.2802810925904783,0.0334886838253465,199.0,2.0,1.0
2053_ECE3_SP126,2053.0,0.0222755863013698,1.511044197729605,43.79979018341847,0.1791002392003658,-0.4055811803913824,2928.135098702232,7418.0,0.2258736393423907,0.0281142277803413,238.0,5.0,2.0
2054_ECE3_SP126,2054.0,0.0206432818112633,1.5823083053273783,45.64819524053126,-0.1444933714875374,-0.2719396148290856,711.3282587022333,7386.0,0.2443953915464728,0.0320691518064062,274.0,5.0,6.0
2055_ECE3_SP126,2055.0,0.0214368213850837,1.491694994100904,49.53080795018192,-0.3075087425581534,-0.330323222532364,-8476.934641297725,7364.0,0.2581094709061156,0.0296697258748319,282.0,0.0,10.0
2056_ECE3_SP126,2056.0,0.0210111773972602,1.587444135469445,39.08064116938256,-0.1860920080837263,0.1729875045898268,-4989.0080312977625,7388.0,0.2578303463865738,0.0352139833758038,273.0,1.0,7.0
2057_ECE3_SP126,2057.0,0.0215738156773211,1.5842841748294472,42.87257607433189,-0.2241423415042512,0.0045103781134048,-1945.424041297761,7375.0,0.2517432956958557,0.0307018531002554,144.0,0.0,10.0
2058_ECE3_SP126,2058.0,0.0205934378995433,1.614103678836715,33.63141541946944,0.2722023752451377,-0.2449734715137084,-2680.668461297774,7335.0,0.2739830751354162,0.0330255995207668,208.0,5.0,0.0
2059_ECE3_SP126,2059.0,0.0212647950532724,1.502715638281754,39.37938156151855,0.1819438133285064,-0.7967147482650119,-2872.3284112977744,7529.0,0.2250514563433167,0.0306154677700442,481.0,0.0,0.0
2060_ECE3_SP126,2060.0,0.0198678087519025,1.650566238594302,45.843007921780334,-0.143916773292263,-0.3808495659347262,-2533.099391297718,7324.0,0.2687725756364882,0.0313908467460742,260.0,4.0,6.0
2061_ECE3_SP126,2061.0,0.0206536417808219,1.641791034539246,35.627382686958,0.5007083748976661,0.0022053500566441,3417.323858702221,7525.0,0.261837779490302,0.0317989963476434,266.0,6.0,0.0
2062_ECE3_SP126,2062.0,0.0206150820395738,1.5349952171230297,33.319673121033595,-0.038039900136901,-0.2925373683007617,-3049.395861297779,7299.0,0.2770688448960434,0.0355526329370746,239.0,1.0,0.0
2063_ECE3_SP126,2063.0,0.0215729396499239,1.5288590394340609,50.86703510067685,-0.1294990527661808,-0.0468979807229392,-3355.254831297757,7450.0,0.2487816036711446,0.030217216682788,310.0,6.0,8.0
2064_ECE3_SP126,2064.0,0.0216826127853881,1.5261203690805971,45.51156679044768,0.2993080087253125,-0.4754869654252913,7561.0129287022355,7473.0,0.2761749471020284,0.0341384776605975,277.0,9.0,0.0
2016_MEHR_SP126,2016.0,0.0216927123287671,1.5931508206902971,40.671040706215216,0.0628204513420323,-0.203571264077869,7640.690072979416,7488.0,0.2660387769785998,0.0313655995289194,184.0,0.0,5.0
2017_MEHR_SP126,2017.0,0.0193508289193302,1.784221390830226,47.56990706478464,-0.1008316804439652,0.0093027963504428,-3602.3793770206057,7615.0,0.2552936203904555,0.0309763918712005,323.0,0.0,10.0
2018_MEHR_SP126,2018.0,0.019574353805175,1.7998464716236309,25.927973557266984,0.1746730832079921,-0.2325132101435025,-9009.479017020596,7592.0,0.276559183836308,0.0315353489075274,248.0,0.0,0.0
2019_MEHR_SP126,2019.0,0.020541107305936,1.7177300449931945,36.44573679498427,-0.0153747292844635,-0.4405647910001273,-12384.008977020623,7704.0,0.2699120906749882,0.0340646736293692,210.0,0.0,7.0
2020_MEHR_SP126,2020.0,0.0209754928462709,1.7278371105114143,36.78737081399313,0.087024734822469,-0.2250496906947248,3958.640822979397,7527.0,0.2612195965546549,0.0309285913442812,198.0,1.0,2.0
2021_MEHR_SP126,2021.0,0.0213375451293759,1.681022244170256,41.31576503759632,-0.0679382486866198,-0.5993386062401349,-7261.357937020596,7496.0,0.2466071016858849,0.0307736873666105,368.0,0.0,8.0
2022_MEHR_SP126,2022.0,0.0228155624809741,1.5945629897604134,39.66840236750864,0.0055964376710305,-0.294795711342577,2485.150802979409,7409.0,0.2654541020791313,0.0336870485371134,303.0,0.0,5.0
2023_MEHR_SP126,2023.0,0.0203825497716895,1.711084725254019,41.793604880398334,-0.0373878337976086,-0.4757439960952849,-247.4211470206116,7453.0,0.2608863485050297,0.0355005962863422,434.0,0.0,7.0
2024_MEHR_SP126,2024.0,0.0223188659056316,1.614125599116279,35.815140521673186,0.1043342585965662,-0.4703316086647247,5574.664872979412,7282.0,0.2563063185421979,0.0325528296486451,236.0,1.0,0.0
2025_MEHR_SP126,2025.0,0.0202362251141552,1.6853632548430832,47.76682133276111,-0.4012936547348412,-0.3013393596025735,-3517.4286470205893,7233.0,0.2679094156486661,0.0309836951018874,286.0,0.0,21.0
2026_MEHR_SP126,2026.0,0.0212914694063926,1.664680196822028,41.8327718074966,-0.1890454477757365,-0.5123233879576623,-5384.655747020586,7406.0,0.2450473044614428,0.0285758675774455,206.0,0.0,9.0
2027_MEHR_SP126,2027.0,0.0215038526636225,1.6812499318445109,37.86176641669615,-0.0006035677309445,-0.7369801092713448,-3670.789637020622,7373.0,0.2443643157387321,0.0308134215621464,364.0,0.0,2.0
2028_MEHR_SP126,2028.0,0.0242871384322678,1.4890013387696002,44.37101911815103,0.1833369185564571,-0.5089566755028962,-2909.9579270206004,7520.0,0.2603849953952125,0.0311791524530454,407.0,2.0,3.0
2029_MEHR_SP126,2029.0,0.0201945239726027,1.7044194796621284,43.43134750704022,-0.0365085990967204,-0.4235797464411686,735.5408429794096,7491.0,0.2635436867602846,0.0325202955928402,217.0,1.0,4.0
2030_MEHR_SP126,2030.0,0.0199749859969558,1.7748584853982188,34.824158774233794,-0.0927125327745619,-0.2835908048423183,-12852.7777570206,7545.0,0.2778165600588601,0.0306629568100972,198.0,0.0,7.0
2031_MEHR_SP126,2031.0,0.0194350604261796,1.857300327778575,39.16454240708853,0.204656655853646,-0.4639169862489916,-14356.671337020582,7758.0,0.2679918809224797,0.0336834334382635,218.0,0.0,5.0
2032_MEHR_SP126,2032.0,0.0194957168949771,1.8381442003978463,45.17425293935347,-0.5045542495762148,-0.0344667949553705,-9635.171367020566,7362.0,0.2698469932513859,0.0334152292586841,347.0,0.0,24.0
2033_MEHR_SP126,2033.0,0.0223588799847792,1.5742299129319992,51.727976284060624,-0.2903746258429824,-0.5148404290100244,-8422.413437020607,7477.0,0.2393934956933186,0.0293821437404006,169.0,0.0,19.0
2034_MEHR_SP126,2034.0,0.0205501748097412,1.6968399701040908,47.69125928019361,-0.2986226485236113,-0.5732363834342702,-12779.917307020623,7414.0,0.2526558370057464,0.0317175150753734,239.0,0.0,17.0
2035_MEHR_SP126,2035.0,0.0215457236681887,1.703372292845542,38.48066299540411,-0.1377371031078646,-0.3731020513896017,-7028.059027020576,7375.0,0.2465030373964556,0.0311977856634398,311.0,0.0,8.0
2036_MEHR_SP126,2036.0,0.0221688165144596,1.615621095685509,46.33581340258731,-0.1128456660004516,-0.6011536709284471,-7626.272117020612,7561.0,0.2356172410726744,0.029211910054119,219.0,0.0,8.0
2037_MEHR_SP126,2037.0,0.0202150780060882,1.7801333908266233,41.97546548369566,0.0392256922181928,-0.6619655498844068,-1276.1239470205917,7335.0,0.2682104313531478,0.033553486792887,292.0,0.0,3.0
2038_MEHR_SP126,2038.0,0.022894200456621,1.589816499082827,47.9493688728622,-0.2279958304384811,-0.0153208301500371,-5039.762037020608,7512.0,0.2580408058504903,0.0332032387896963,386.0,0.0,15.0
2039_MEHR_SP126,2039.0,0.0200125121004566,1.7955017720433744,36.98284527232851,0.4451253193290207,-0.2678624231243405,585.8594029794077,7603.0,0.2832321862592127,0.0316787047531663,201.0,4.0,0.0
2040_MEHR_SP126,2040.0,0.0222321694063926,1.5860425711600228,45.60007933002878,0.0944330481691858,-0.6446997175967408,-1875.107327020583,7421.0,0.2640299005721099,0.0345875328640872,194.0,1.0,4.0
2041_MEHR_SP126,2041.0,0.0208091665905631,1.682757560192548,28.95723935070393,0.3287007350229072,-0.2425137516867437,4234.451522979409,7353.0,0.284986357067651,0.0320601570973019,185.0,1.0,0.0
2042_MEHR_SP126,2042.0,0.0225925994672754,1.5714593306723876,52.16484192196946,-0.1380458830789363,0.0297855872090844,12797.198062979422,7280.0,0.2570432996156334,0.0312525505968934,288.0,5.0,11.0
2043_MEHR_SP126,2043.0,0.020938553500761,1.677516686704982,51.08248195481907,0.0458442714503477,-0.5057724485010469,-6514.17140702058,7535.0,0.2570189571615227,0.0305341161185361,206.0,0.0,11.0
2044_MEHR_SP126,2044.0,0.0217677850076103,1.6178160220201925,45.29384938319888,-0.0466793597221758,0.0471513000694354,4386.111212979436,7505.0,0.2696153746241961,0.0351514274539525,276.0,2.0,11.0
2045_MEHR_SP126,2045.0,0.0225208132420091,1.6512209825690176,58.5321358683876,-0.0612623970457286,-0.6117159079987289,-9407.022647020563,7517.0,0.2333228677423856,0.0299579510573006,373.0,1.0,20.0
2046_MEHR_SP126,2046.0,0.0218848299847793,1.6361796050352266,64.03593191879337,-0.0208967635569412,-0.6133496948716561,-3524.1738270205988,7713.0,0.2560695125648539,0.0334479319869718,281.0,1.0,23.0
2047_MEHR_SP126,2047.0,0.0216771238964992,1.7138690761751176,38.05382319843259,0.0744808715115154,-0.7590105495994388,-3926.726507020601,7310.0,0.2501597742512463,0.0314526195378663,238.0,0.0,2.0
2048_MEHR_SP126,2048.0,0.0220446171232876,1.6451912002281257,35.207937066789896,0.0802508191682893,-0.3210520280313158,2106.7307629793977,7434.0,0.2554088483718334,0.0340715870838243,312.0,0.0,3.0
2049_MEHR_SP126,2049.0,0.0225078823439878,1.6067689944256032,31.52473318861918,0.0136244844897187,-0.3937415803427031,11105.2634729794,7306.0,0.239264129568317,0.0307882668188583,335.0,0.0,1.0
2050_MEHR_SP126,2050.0,0.0207428493911719,1.7456074932139,37.55094976997501,-0.1605244961212538,-0.4347165332442118,-3989.562537020588,7441.0,0.2646433473379761,0.0295895605398352,182.0,0.0,4.0
2051_MEHR_SP126,2051.0,0.0205453249619482,1.7281220520024303,44.3895027616698,-0.1115488431662785,-0.6495410322268111,-2604.3743070205915,7393.0,0.251884151780391,0.0324979817286982,306.0,0.0,3.0
2052_MEHR_SP126,2052.0,0.0223060360730593,1.6186597489144476,42.57030487661103,0.160084783167375,-0.5207010520323805,-5463.575677020593,7584.0,0.2344264591214116,0.0316183972260572,425.0,1.0,1.0
2053_MEHR_SP126,2053.0,0.0202897310502283,1.7122455024668095,36.36644764016701,-0.244621787429686,-0.2019391022361039,-6771.256917020592,7506.0,0.2771109683373292,0.0322731308544209,238.0,0.0,9.0
2054_MEHR_SP126,2054.0,0.0246626689497716,1.5247968565544765,48.88135003941535,0.2086743320923184,-0.413491577565888,10928.380352979448,7602.0,0.2496611814260887,0.0322186105538827,310.0,8.0,3.0
2055_MEHR_SP126,2055.0,0.0222188394977168,1.6159235428129042,37.45275319688916,-0.0886890140440687,-0.4058341694935077,10484.777102979404,7153.0,0.2301732869302685,0.0293154116200241,281.0,1.0,1.0
2056_MEHR_SP126,2056.0,0.0221468269406392,1.6602179864831026,37.480307939405904,0.1861863067325957,-0.5142024715126996,623.0840029794036,7515.0,0.2495325858862629,0.031167511577434,249.0,0.0,1.0
2057_MEHR_SP126,2057.0,0.0212207742770167,1.6790007784087917,37.00637373667059,0.0515355866634207,-0.2392233577002085,-2621.789167020592,7464.0,0.2659631194961372,0.0319316976306735,218.0,0.0,6.0
2058_MEHR_SP126,2058.0,0.0220263777777777,1.6570282071381102,36.95615734910316,0.3287924692083239,-0.3633615078300698,5166.937472979434,7439.0,0.2789957011328031,0.0349926742976631,282.0,2.0,2.0
2059_MEHR_SP126,2059.0,0.0193393685692541,1.81040274967121,38.89531950341969,-0.0072492758818653,-0.6284583093465481,-8639.544107020547,7434.0,0.271802502974718,0.0307888759424833,272.0,0.0,6.0
2060_MEHR_SP126,2060.0,0.0206637961948249,1.727236440588252,30.230457256849856,0.2324548707729833,-0.5365479964173372,604.5821129794074,7281.0,0.2584283645393309,0.0316563995744297,206.0,1.0,0.0
2061_MEHR_SP126,2061.0,0.0218802375190258,1.5595719264829,45.85188989316489,-0.2320077286517676,-0.7826285116004668,-7255.839537020567,7298.0,0.2520155563547335,0.0291635038910856,241.0,0.0,11.0
2062_MEHR_SP126,2062.0,0.0219490277777777,1.6257168870664118,40.7421229620776,0.1322570782655218,-0.429614273625531,10400.42341297939,7522.0,0.2666143025840088,0.03561409006745,323.0,1.0,4.0
2063_MEHR_SP126,2063.0,0.023589353348554,1.5278413156913564,56.92476475081637,0.1154600758332312,-0.4133945432312855,4603.302492979411,7728.0,0.223435671093859,0.0289164992053248,263.0,9.0,10.0
2064_MEHR_SP126,2064.0,0.0214930279299847,1.6935312319737552,45.61372903493115,0.1666911868392702,-0.3122699729197613,-1433.0982470205877,7646.0,0.2395588950032347,0.0288373926162533,269.0,1.0,6.0
2016_MRM2_SP126,2016.0,0.0216355733637747,1.478645213972522,45.69394112091854,0.1180390541959085,-0.7999306612978865,8289.313173478466,7446.0,0.2426323135187933,0.0296597726879153,291.0,2.0,0.0
2017_MRM2_SP126,2017.0,0.0218354812024353,1.428126490893391,40.9343057716819,-0.0453118788338477,-0.3142307541923466,-1076.9929365215137,7448.0,0.2777147936344838,0.0331713307016307,277.0,1.0,7.0
2018_MRM2_SP126,2018.0,0.0207275894216133,1.613025596242622,49.41860219814727,-0.1658890874851319,-0.4735023575011499,-1490.3036365215216,7396.0,0.2684321981707703,0.0333201006892532,372.0,0.0,12.0
2019_MRM2_SP126,2019.0,0.0221144377473363,1.4872425321638612,54.65154803851579,-0.3958632161263498,-0.2033808499163707,-4850.0740465215285,7534.0,0.2581539980845098,0.0318181406050831,381.0,0.0,19.0
2020_MRM2_SP126,2020.0,0.0213160514459665,1.5594234802867004,63.46942638210583,-0.1050689667647162,-0.2245502978318607,-11021.745716521553,7706.0,0.2597353916352704,0.031883437780938,414.0,4.0,22.0
2021_MRM2_SP126,2021.0,0.0212277114916286,1.5182841004537138,48.839992758963945,-0.2709707179777512,0.3727231778837687,528.5243734784868,7447.0,0.258594611371161,0.0344347860010596,349.0,5.0,15.0
2022_MRM2_SP126,2022.0,0.0212916347031963,1.52947663952601,40.76073909939426,0.1305413487456725,-0.3852067282829376,348.41735347847936,7548.0,0.2889799584427446,0.0348799718000112,238.0,1.0,5.0
2023_MRM2_SP126,2023.0,0.0202248558599695,1.5147472181517168,43.70564335645404,0.0717323603813991,-0.4311338956343133,2028.3465134784824,7514.0,0.2897868953457396,0.0351170626977116,309.0,1.0,7.0
2024_MRM2_SP126,2024.0,0.0220209178082191,1.4792159154004252,52.83715748480744,-0.0351842770270522,-0.2114793327486017,7733.892473478496,7609.0,0.2639953347667795,0.0341463002705369,309.0,7.0,14.0
2025_MRM2_SP126,2025.0,0.0221524945966514,1.4466073119543654,44.384290895253855,-0.2598737875720678,-0.3838064493781123,2449.2866834784977,7489.0,0.2596632069363575,0.0340880436562215,392.0,0.0,14.0
2026_MRM2_SP126,2026.0,0.0228430686453576,1.412403364017535,53.34159487279343,0.068350303577758,-0.2597792496533491,6019.668223478492,7720.0,0.2618883241237584,0.0313392665350847,212.0,5.0,14.0
2027_MRM2_SP126,2027.0,0.0213687561643835,1.5188634780304835,44.32161032561699,0.4080390772426228,-0.3249916739131469,11715.861573478493,7586.0,0.2385626019713056,0.0323820312187835,354.0,9.0,0.0
2028_MRM2_SP126,2028.0,0.0211435673515981,1.5479280017197086,50.99383148068051,0.1204057548844567,-0.4171370829733782,4192.154193478487,7526.0,0.2842314593370628,0.0343605739762127,282.0,4.0,6.0
2029_MRM2_SP126,2029.0,0.0219096984779299,1.4410751968404234,42.859653031871446,0.043279870912504,-0.3617042226617277,724.5557934784856,7526.0,0.2491905102814882,0.032860016949513,385.0,2.0,3.0
2030_MRM2_SP126,2030.0,0.0215974843226788,1.4558891498004227,37.43141630592853,0.0401668345262932,0.0561254076217974,2967.925523478515,7484.0,0.2847572965204044,0.0328948709439858,191.0,2.0,6.0
2031_MRM2_SP126,2031.0,0.0223007977168949,1.4859543246497346,34.91459171343346,-0.1936076395562539,-0.0103050084339741,1665.8033434784822,7347.0,0.2691476228641016,0.0316195782886758,341.0,0.0,5.0
2032_MRM2_SP126,2032.0,0.0221378505327245,1.442179188684607,50.72244225236291,0.1055595668881443,-0.2550337764483692,992.7777734784796,7539.0,0.251169243698545,0.0343718923207957,409.0,6.0,14.0
2033_MRM2_SP126,2033.0,0.0220668719178082,1.4304566240296557,49.17899836499839,-0.2503644515631263,-0.4634743967610486,2759.874943478502,7351.0,0.250877049612462,0.0304797636770171,297.0,0.0,17.0
2034_MRM2_SP126,2034.0,0.0215263598173515,1.4717199449150502,55.8626327211549,-0.1777245171654829,0.1818957500557942,4271.9115734785,7593.0,0.2395257512399944,0.030925040997258,370.0,7.0,13.0
2035_MRM2_SP126,2035.0,0.0225950641552511,1.483686859786723,43.38742887925313,-0.0687191491050905,-0.0943273828939177,2202.597843478495,7382.0,0.2628373218277073,0.0342170965990961,345.0,3.0,10.0
2036_MRM2_SP126,2036.0,0.0217982638508371,1.473567067249329,69.65578378197722,-0.436597002797084,-0.0089429145548027,-9896.19657652148,7589.0,0.2543878670193198,0.031418941982227,239.0,4.0,32.0
2037_MRM2_SP126,2037.0,0.0216063156773211,1.5282464088272554,41.672422354853154,0.0554325699787776,-0.3889902656841713,2852.15609347848,7504.0,0.2726187167611726,0.0341992303826985,364.0,3.0,4.0
2038_MRM2_SP126,2038.0,0.0229709379756468,1.421417082609819,67.95952697787546,-0.3252263487038512,0.3937175739488312,-3192.194966521531,7743.0,0.2403459990232269,0.0321507039066761,387.0,4.0,19.0
2039_MRM2_SP126,2039.0,0.0224110054033485,1.4287635936169667,70.55130009948647,0.0300182011228495,-0.5732233929607653,-4448.222696521512,7755.0,0.233672069008385,0.0312652062174786,298.0,8.0,26.0
2040_MRM2_SP126,2040.0,0.0219261171993911,1.4465523194402612,44.0201157170804,-0.4159139613061471,0.5540963130685226,6215.102913478482,7373.0,0.2451021407821796,0.0291406204773786,242.0,2.0,17.0
2041_MRM2_SP126,2041.0,0.0226403732115677,1.5067525149272922,49.48750416227716,0.1805729773316594,-0.63809402441498,-2868.536066521512,7616.0,0.2662798571501059,0.0331491516967726,292.0,0.0,4.0
2042_MRM2_SP126,2042.0,0.0220364372907153,1.4284111638044148,38.10630686651015,-0.0850636794661462,-0.4731146551048351,1470.2810734784882,7329.0,0.2560164308203625,0.0332927360116003,419.0,0.0,5.0
2043_MRM2_SP126,2043.0,0.0207150926179604,1.514674039411323,41.29618366045643,0.1506113073189819,-0.3796752126619083,-1520.6159565215085,7478.0,0.2745186099630855,0.0321677717399217,240.0,2.0,4.0
2044_MRM2_SP126,2044.0,0.021959958066971,1.4460256436338474,45.61296254763102,0.0842944800678882,-0.2995035592634303,2137.6733834784745,7621.0,0.2403974907206555,0.031243531537255,313.0,2.0,8.0
2045_MRM2_SP126,2045.0,0.0240324508371385,1.4002290132261588,82.1918079186027,-0.3529969147310947,-0.4451796376969064,-12388.53490652148,7547.0,0.2386551252045515,0.027269119590967,293.0,3.0,46.0
2046_MRM2_SP126,2046.0,0.0214292558599695,1.498822239274784,47.88027502594328,-0.0961228027190643,0.034210103228776,6667.140863478485,7429.0,0.2767055666298791,0.0335192494413537,271.0,2.0,11.0
2047_MRM2_SP126,2047.0,0.0226897798325723,1.42976979441385,47.83673042459544,0.2038624894974186,-0.2653674973934103,-1640.1155165215127,7784.0,0.2233902203955296,0.0300881936827545,359.0,4.0,8.0
2048_MRM2_SP126,2048.0,0.022231303652968,1.472839221217215,48.13148605617422,-0.1158687176160179,-0.4272736033464137,-135.90488652151166,7452.0,0.2431907115728583,0.0312964387024526,238.0,0.0,11.0
2049_MRM2_SP126,2049.0,0.0206499672754946,1.5439828204974138,55.98081494223729,-0.1354795559090919,-0.4149455322532671,-4230.575556521524,7435.0,0.2626276733391686,0.0338190395176725,287.0,2.0,20.0
2050_MRM2_SP126,2050.0,0.0226294608828006,1.4408696673714243,51.74645295409629,0.1172676631633394,-0.4480888303502892,-1678.2463565215176,7583.0,0.2225977641410105,0.0296311984949194,384.0,3.0,7.0
2051_MRM2_SP126,2051.0,0.0213521411719939,1.493975405433818,33.20461683714298,0.1106720641170258,-0.1935988007898585,3800.994523478501,7413.0,0.2592614604406895,0.0335190660046876,276.0,2.0,0.0
2052_MRM2_SP126,2052.0,0.0216819469558599,1.516821830383032,43.98181395467503,-0.0409468140327629,-0.3919943856343884,-1055.3660865215222,7502.0,0.2596814281183798,0.0331083552042934,249.0,1.0,5.0
2053_MRM2_SP126,2053.0,0.0216897460426179,1.4935939258724706,54.585851383911525,-0.1389380655844152,-0.347800970471801,-573.5801665215125,7511.0,0.2406714229554362,0.0318466644046933,374.0,4.0,17.0
2054_MRM2_SP126,2054.0,0.0223578,1.4754314768143668,47.639529540470605,0.3471337164616247,-0.1235952849841188,4085.292433478485,7687.0,0.2927123786708274,0.0366621862778082,345.0,9.0,3.0
2055_MRM2_SP126,2055.0,0.0218612143835616,1.4601109231301357,50.45423518687576,0.2808794569581448,-0.2115886347792739,2498.3056134784924,7803.0,0.2400721822125813,0.0318519308399105,371.0,5.0,12.0
2056_MRM2_SP126,2056.0,0.0223051340943683,1.4500542358140105,50.70603298206645,-0.0283957782187389,-0.1289887385606318,338.7258834784909,7573.0,0.2418396612753865,0.0315138851378337,336.0,2.0,8.0
2057_MRM2_SP126,2057.0,0.0219402047945205,1.5111483392350202,45.54327044130617,0.0050378268043411,-0.4830375207086108,-381.0905665215107,7460.0,0.2747327740102244,0.0325890471010779,248.0,1.0,6.0
2058_MRM2_SP126,2058.0,0.0217987391933028,1.4986567747812087,39.5380290349402,0.0141987959524191,-0.6923026791623181,2346.5444534784915,7372.0,0.2780032915096853,0.034574105598053,349.0,0.0,2.0
2059_MRM2_SP126,2059.0,0.0225070261796042,1.4899114575049657,48.00658006192469,0.1947428858752775,-0.6032200687440641,4411.719813478475,7560.0,0.2712743877535487,0.0348762993449794,341.0,4.0,2.0
2060_MRM2_SP126,2060.0,0.0219744984779299,1.507747766435212,51.78521065895847,0.0097198204395072,-0.6724588378699283,5132.013803478469,7457.0,0.2461155519782826,0.033377071792964,379.0,3.0,4.0
2061_MRM2_SP126,2061.0,0.022061855783866,1.4946199204820156,56.29745123019014,0.1796793433940878,-0.4090886451300335,4496.033663478495,7460.0,0.2534380844972155,0.0336529575382736,434.0,6.0,7.0
2062_MRM2_SP126,2062.0,0.0203564836377473,1.5814020615421471,38.99512239511904,0.4752952411795799,-0.1553940900877215,-2810.8464665215224,7775.0,0.2963409410511093,0.0336399044366482,216.0,2.0,0.0
2063_MRM2_SP126,2063.0,0.0210272411719939,1.5144903856605232,41.323342464967,0.158988335949526,-0.4952036019467591,-272.02036652150974,7456.0,0.2539351168702667,0.0356848829947557,402.0,1.0,3.0
2064_MRM2_SP126,2064.0,0.0229104207762557,1.4440279322114231,58.10222551955258,-0.4705588009169725,0.0485786610439005,-4319.006766521524,7365.0,0.2657221712651114,0.0330900189992544,345.0,0.0,28.0
2016_AWCM_SP245,2016.0,0.0193365557077625,1.802569799533713,29.85949985332128,0.004782796570697,0.0641139430656569,-8808.259295093756,7426.0,0.2803126156841851,0.0343683204349439,363.0,0.0,3.0
2017_AWCM_SP245,2017.0,0.0216603447488584,1.613935885774686,53.50184042476984,0.4290781336874628,-0.3075342888534385,-6966.351175093728,7734.0,0.2754796766246781,0.0344030980779623,309.0,11.0,4.0
2018_AWCM_SP245,2018.0,0.0221745939878234,1.60606964177899,40.59707961629323,-0.1452907698965318,-0.0349949285887749,-345.706275093744,7404.0,0.2703303367330111,0.03562846125059,299.0,2.0,6.0
2019_AWCM_SP245,2019.0,0.0213719486301369,1.6848978480116985,39.197983192131936,-0.0167276331994983,0.2975526990065198,1009.448504906274,7343.0,0.257258523588436,0.0316022969178333,298.0,4.0,6.0
2020_AWCM_SP245,2020.0,0.0233574756468797,1.503806015385274,58.72889663871275,-0.2539678372908184,-0.1889521470325159,-3278.1611550937687,7474.0,0.2621229489287209,0.0368308588450879,430.0,3.0,19.0
2021_AWCM_SP245,2021.0,0.0215964841704718,1.612042918284545,52.240335304644674,-0.3789029846499069,0.0581883384980153,-13034.697265093722,7598.0,0.2796461406299552,0.0338475359174785,167.0,0.0,25.0
2022_AWCM_SP245,2022.0,0.020803709893455,1.691488093873377,40.889915773698775,0.1037690922515392,-0.2669274500005336,-3010.3466550937483,7475.0,0.2694807146427167,0.0316817886290988,264.0,0.0,6.0
2023_AWCM_SP245,2023.0,0.0216207282343987,1.6421033211778375,42.37969467144253,-0.1159687145688386,-0.5109681431636428,-7491.26120509374,7320.0,0.2804098753916606,0.0348598521930176,267.0,0.0,9.0
2024_AWCM_SP245,2024.0,0.0203894302891933,1.6918770930310678,46.78264213223535,-0.100927450700924,-0.4071846776941745,-5172.081125093748,7341.0,0.2503466878892821,0.0340442392606832,387.0,2.0,8.0
2025_AWCM_SP245,2025.0,0.0214746967275494,1.6152012553709805,52.76537935705189,-0.3283028043434841,-0.4532597339805222,-12940.677145093734,7476.0,0.2682277245119305,0.0355955226103628,330.0,0.0,23.0
2026_AWCM_SP245,2026.0,0.0218006505327245,1.6660032266789326,41.96214316685535,0.1495125972067517,-0.3377855432898822,-4892.546385093729,7610.0,0.238926,0.0317072612123988,337.0,1.0,3.0
2027_AWCM_SP245,2027.0,0.0220399329528158,1.612762345353355,38.03487159861199,0.2923960272882347,-0.2516977107600797,2847.5908849062503,7490.0,0.2555194509393513,0.0302699130265591,265.0,5.0,1.0
2028_AWCM_SP245,2028.0,0.0213976,1.6839786476126752,52.20810292809695,0.183605093626964,0.0358357870585908,-12521.328455093748,7534.0,0.2464468161636919,0.0337747393088205,345.0,8.0,14.0
2029_AWCM_SP245,2029.0,0.0222217937595129,1.6064700615886058,44.79323146606236,0.2031128872688422,-0.1476432698752745,-1461.6396550937511,7434.0,0.2518107830802603,0.0306337959605453,304.0,7.0,4.0
2030_AWCM_SP245,2030.0,0.0228132458143074,1.625212763288191,52.15398042167071,-0.2688668355172477,-0.4838205789481238,-6292.441535093761,7333.0,0.2602622092577794,0.0333919124584944,359.0,1.0,17.0
2031_AWCM_SP245,2031.0,0.0205015706240487,1.7009202831789771,36.72335932767264,0.1135320541576235,-0.6100714144097608,-6247.644415093744,7481.0,0.2529956946378963,0.0329982347096215,381.0,0.0,1.0
2032_AWCM_SP245,2032.0,0.0213703217656012,1.668082848455568,35.24251203394895,-0.0487171455319078,-0.330197210722575,-654.6034650937504,7311.0,0.2817483357816087,0.0340993153424745,217.0,1.0,5.0
2033_AWCM_SP245,2033.0,0.020894057914764,1.6599450189210718,39.78448723568588,0.1265043874233504,-0.5811382609332658,1812.1071549062635,7560.0,0.2707984768682371,0.0322687480791418,231.0,1.0,0.0
2034_AWCM_SP245,2034.0,0.0232373682648401,1.607896246734511,55.9655803463262,0.1281520257066895,-0.3007883209636932,-5308.555815093752,7665.0,0.2798490205502911,0.0337080319996763,216.0,7.0,7.0
2035_AWCM_SP245,2035.0,0.0219305238964992,1.6292730607102055,44.07444872991771,-0.1212218249867505,-0.6048072934004209,-4340.751255093715,7457.0,0.2702526618081718,0.0326330609890732,255.0,0.0,5.0
2036_AWCM_SP245,2036.0,0.0209830050989345,1.6527963530927483,35.766828624014614,0.0762019878426189,-0.6554022565548778,-3687.95170509374,7337.0,0.2426128583805863,0.0345998681746081,445.0,0.0,1.0
2037_AWCM_SP245,2037.0,0.0244527200913242,1.500229588603164,57.91054615425455,-0.1928864127594529,-0.0977171031767594,-3417.937855093743,7473.0,0.2381285317197549,0.029551678948703,379.0,3.0,13.0
2038_AWCM_SP245,2038.0,0.0212480346270928,1.6637499843701309,56.62707951556268,-0.2158117199291587,-0.389468558937541,-13996.28355509372,7707.0,0.2642332496352957,0.0343224588064606,299.0,0.0,28.0
2039_AWCM_SP245,2039.0,0.0209280134703196,1.707934275772181,41.19751602345048,-0.1324198987255364,-0.1044438376422345,-0.92509509374979,7297.0,0.2686798144638531,0.0361688247828957,392.0,5.0,6.0
2040_AWCM_SP245,2040.0,0.021079550152207,1.612227912272802,33.43139027404856,0.0182416285751361,-0.245982503603209,-2298.447555093736,7296.0,0.2694404672273598,0.0352190225075578,280.0,0.0,2.0
2041_AWCM_SP245,2041.0,0.0218625153729071,1.671896664603037,48.567817883016005,0.0452706799939602,-0.1575170290251444,-8074.912595093752,7548.0,0.2514679866676814,0.0328914272285667,372.0,3.0,9.0
2042_AWCM_SP245,2042.0,0.0231279836377473,1.6229645110866242,46.62478364677976,0.1953455498826276,-0.3012293231499678,-1076.9361550937508,7498.0,0.2574287242201672,0.0321879658177763,300.0,2.0,4.0
2043_AWCM_SP245,2043.0,0.0212233726027397,1.6996381397915896,37.51862280406756,0.0032376236649888,-0.3330896817440769,-5572.193795093739,7358.0,0.2794815424515736,0.035394288102972,310.0,2.0,2.0
2044_AWCM_SP245,2044.0,0.0214732100456621,1.6467911591107365,38.94185794355154,0.3898362265196972,-0.538639423125272,1633.3119349062515,7532.0,0.2821751352767312,0.0355380013674619,276.0,3.0,0.0
2045_AWCM_SP245,2045.0,0.0235470138508371,1.5487937404093506,41.55104111480882,0.061524965775884,-0.6543864609634147,4999.446164906204,7269.0,0.2561188832185307,0.0341727515499931,370.0,1.0,1.0
2046_AWCM_SP245,2046.0,0.0210126270167427,1.6778778374065535,45.34987382381482,0.1049436205128077,-0.1076307949705812,-4354.432125093743,7488.0,0.2284120106937625,0.0335228856338903,999.0,5.0,6.0
2047_AWCM_SP245,2047.0,0.0235705770928462,1.5657759820135255,55.70362488056176,0.1935791912474335,-0.1933666481560965,5767.436944906223,7502.0,0.2501468187641917,0.0351578110831139,418.0,8.0,6.0
2048_AWCM_SP245,2048.0,0.0219636135464231,1.6142149779167891,50.61657494728503,0.0249797084241676,-0.1720105477433398,5463.668194906259,7513.0,0.2700802417069426,0.0345515091330878,356.0,8.0,8.0
2049_AWCM_SP245,2049.0,0.02122935152207,1.7096157798008482,37.4489241056871,0.3585924363659636,-0.5665369436813217,4766.958284906241,7513.0,0.2228209630729028,0.0285487794954076,374.0,0.0,0.0
2050_AWCM_SP245,2050.0,0.0207478967275494,1.7239350161299731,39.19699511294213,-0.3000867744862993,-0.2264120082329799,284.80858490622524,7202.0,0.2680850724080628,0.0344004608042002,331.0,0.0,9.0
2051_AWCM_SP245,2051.0,0.0205172523592085,1.8016826296195028,36.75771128167779,-0.1361952903945432,-0.5795223311332429,-2018.8541350937548,7250.0,0.2405914353617231,0.029836571987172,302.0,0.0,3.0
2052_AWCM_SP245,2052.0,0.0230794070776255,1.6041495262860024,47.92817036237876,-0.0121614297891271,-0.3907410343776716,653.159874906234,7587.0,0.2521398822163869,0.0344228158037843,398.0,5.0,6.0
2053_AWCM_SP245,2053.0,0.0222961115677321,1.6974608683529946,57.06764594816119,-0.0615508180850385,-0.8411299585182697,-4693.222115093746,7489.0,0.2607751498775862,0.0332316366082556,372.0,2.0,11.0
2054_AWCM_SP245,2054.0,0.0221287311263318,1.6278243383263422,40.87722919157329,0.3138491498507501,-0.1312025370132947,9198.51722490626,7454.0,0.2685960336796438,0.0329168322809284,276.0,7.0,0.0
2055_AWCM_SP245,2055.0,0.0216334599695586,1.6129912436215097,44.20263065347276,0.1981897250500793,-0.408013032256616,7363.449494906199,7523.0,0.2868401332090168,0.0333246596652002,192.0,9.0,0.0
2056_AWCM_SP245,2056.0,0.0217517997716894,1.5646753788458183,43.147720246265926,0.2942215069054861,-0.2446441701673456,6150.064404906277,7462.0,0.2832080834062742,0.0339658681630809,271.0,8.0,2.0
2057_AWCM_SP245,2057.0,0.02161810152207,1.632913481275175,39.06119045008477,0.1715286029897447,-0.1241924702857604,3215.737314906255,7394.0,0.2715334202027121,0.033634839154228,308.0,3.0,2.0
2058_AWCM_SP245,2058.0,0.0220741716894977,1.6202809392031168,50.58952702473671,0.0769022208262031,0.1305541328308392,777.340204906252,7480.0,0.2563974728850325,0.0302436457445051,287.0,14.0,10.0
2059_AWCM_SP245,2059.0,0.0197228648401826,1.660021820719831,45.85364516684691,-0.0927417470119864,-0.2466762017888517,-5973.916185093744,7425.0,0.2793759467214674,0.034981594685863,308.0,1.0,8.0
2060_AWCM_SP245,2060.0,0.0208789486301369,1.7051721588974291,42.80134353732635,0.1082245673972334,-0.2153548108037921,11296.592234906211,7377.0,0.2691175469421927,0.0332456467768882,265.0,8.0,0.0
2061_AWCM_SP245,2061.0,0.0194058114916286,1.7738255887865204,38.57094673944471,0.0677622293330017,-0.2492208315344788,-3034.700695093743,7496.0,0.2633174504826781,0.0351765778307435,359.0,1.0,5.0
2062_AWCM_SP245,2062.0,0.0223824298325722,1.594875798044525,50.56866903067166,0.2111747660867574,-0.4933759127761603,7126.236014906213,7571.0,0.267882201532392,0.0346812984510413,295.0,10.0,1.0
2063_AWCM_SP245,2063.0,0.020408300761035,1.7608081941811302,33.427356153712275,0.0529346579885703,-0.3346150057188626,-413.4651750937595,7294.0,0.252572746914285,0.0345193532233878,386.0,0.0,1.0
2064_AWCM_SP245,2064.0,0.0200973950532724,1.7249012728484037,38.25482839675652,0.0606104361001307,-0.5834288406859933,-6914.37092509374,7438.0,0.2772835436059418,0.0332541547369132,239.0,1.0,1.0
2016_BCCS_SP245,2016.0,0.0193258289193302,1.9512708658878688,38.23533510527098,-0.2383804058570137,0.0743930912334471,-23607.96169471527,7716.0,0.2683765833238192,0.0344232385961224,286.0,0.0,13.0
2017_BCCS_SP245,2017.0,0.0202945359969558,1.822885509691672,46.91856714694876,0.4323678710816878,0.0176701095170894,-14533.856824715209,7762.0,0.2542265366924179,0.0318458343883545,277.0,7.0,2.0
2018_BCCS_SP245,2018.0,0.0201855383561643,1.8145137119095245,46.0218897797826,0.0111108701722895,0.2203459488358872,-14674.623364715257,7612.0,0.2641777528764065,0.033275210603667,306.0,1.0,11.0
2019_BCCS_SP245,2019.0,0.020546304261796,1.8794389769517748,47.4856131636001,-0.0216392094024425,-0.616266998634833,-17308.154204715207,7520.0,0.265671302939199,0.0375971738335975,527.0,0.0,13.0
2020_BCCS_SP245,2020.0,0.0201997935312024,1.8448206974535049,42.283206259195005,0.402677585287503,0.0823584109020303,-16596.06131471527,7954.0,0.2350265800763659,0.0316735523627752,376.0,2.0,5.0
2021_BCCS_SP245,2021.0,0.0222479066210045,1.702073677538304,35.34511952293065,0.112644473337494,-0.3802996186611693,-2424.8143447152206,7266.0,0.2535698212124672,0.0340860842465039,470.0,0.0,2.0
2022_BCCS_SP245,2022.0,0.0214349161339421,1.7798881121582055,55.551505634910896,0.7724133480815214,0.5344318575615343,-8202.908244715229,8027.0,0.2899402601895193,0.0359177514207713,222.0,17.0,2.0
2023_BCCS_SP245,2023.0,0.0234304754185692,1.6379118023482806,49.09636809171109,0.3977449985446525,-0.4009448280332428,4523.906655284762,7695.0,0.2354057449861095,0.0310035856112351,349.0,10.0,0.0
2024_BCCS_SP245,2024.0,0.0216264328767123,1.6854385730836483,51.55795809775887,0.2110681692792248,-0.4151865975003663,-12178.301744715263,7838.0,0.2781192735979501,0.0338692797961647,296.0,3.0,9.0
2025_BCCS_SP245,2025.0,0.0209856382800608,1.778455664347356,47.01495747468966,0.2873091112250789,-0.4982511503836995,-17995.66452471523,7747.0,0.2645599896360568,0.032760878888052,395.0,0.0,4.0
2026_BCCS_SP245,2026.0,0.0217132585996955,1.7292534602639769,47.34317192823086,0.0252243595307503,-0.4868897683476541,-10516.988504715271,7343.0,0.2782857573162842,0.0345247686552697,353.0,2.0,9.0
2027_BCCS_SP245,2027.0,0.0222131694063927,1.7057534309893896,41.64623095641226,0.1020238076793218,-0.6000715905193177,-4637.973254715225,7532.0,0.2773015693445472,0.0338065882187799,269.0,2.0,0.0
2028_BCCS_SP245,2028.0,0.022870054109589,1.6394583688764022,50.05701345750158,0.2006887356597062,-0.4074712114393355,4317.106165284755,7576.0,0.23783325186792,0.029343919864233,319.0,9.0,3.0
2029_BCCS_SP245,2029.0,0.0217786865296803,1.7347046499860903,54.97247359456335,-0.0515741576452103,-0.743222568535888,-10594.36010471525,7403.0,0.2546406433763367,0.0319431134332219,296.0,3.0,10.0
2030_BCCS_SP245,2030.0,0.0210944184931506,1.7600312318609732,56.054392976272894,0.0811798248295714,-0.2760208722501547,-10662.940784715276,7674.0,0.2560179373469827,0.0340876513213367,376.0,5.0,15.0
2031_BCCS_SP245,2031.0,0.0236542837899543,1.6247253402218282,46.82771584662654,0.2743642667551869,-0.6755063210417651,8522.578615284781,7594.0,0.2485107441488754,0.0320029753371538,327.0,2.0,0.0
2032_BCCS_SP245,2032.0,0.0215466044901065,1.7836221341902037,36.88737783066876,0.3353882836959436,-0.2876570454934311,3758.328575284772,7593.0,0.3047961167687839,0.0356287545443589,191.0,4.0,0.0
2033_BCCS_SP245,2033.0,0.0229150362252663,1.6283399548730144,47.61010575786416,0.0317789789770468,-0.8635058943908231,-2089.9657447152267,7479.0,0.2625054855450267,0.0326550085685535,273.0,1.0,1.0
2034_BCCS_SP245,2034.0,0.0182934385083713,1.9906054999478249,30.379574886787367,0.0224193176005705,-0.5326801233297767,-5576.976104715209,7316.0,0.2712615961360378,0.0348511878953812,417.0,0.0,0.0
2035_BCCS_SP245,2035.0,0.0226095084474885,1.6829326943072052,57.79811126870582,-0.046836796577643,0.0443877871170692,-2288.351824715226,7589.0,0.2516145261381944,0.0328609716695949,429.0,6.0,15.0
2036_BCCS_SP245,2036.0,0.0223044147640791,1.7086672720517924,47.5568454348584,0.0299460300321963,-0.4784539180998273,1638.5419852847908,7360.0,0.256028547018305,0.0299805382547587,286.0,5.0,1.0
2037_BCCS_SP245,2037.0,0.021740758066971,1.7268614164899878,47.60963105451898,0.423101627963042,-0.1515192872063062,-6794.252244715231,7693.0,0.2754136196927604,0.0334826592902732,250.0,9.0,2.0
2038_BCCS_SP245,2038.0,0.0224723611872146,1.694549851593498,39.161149218389184,0.1001048895689155,-0.3966772315246127,8540.84762528472,7322.0,0.2715405046365008,0.0338229755756345,312.0,3.0,1.0
2039_BCCS_SP245,2039.0,0.0198068942161339,1.8628630968717463,44.75136902463647,-0.0352558648068167,-0.2933574832866132,-4124.33519471523,7390.0,0.2457733376717281,0.0368011951482927,673.0,1.0,8.0
2040_BCCS_SP245,2040.0,0.0219211105783866,1.7847918569898726,39.41543365508865,0.0707534538144207,-0.6277171605332872,-5647.929394715262,7478.0,0.2741162679022212,0.0340650613336354,350.0,0.0,2.0
2041_BCCS_SP245,2041.0,0.0220182931506849,1.7207440642610885,49.75210273026224,0.1682475499922299,-0.2643701238375118,-12409.548714715287,7659.0,0.2706929354949195,0.0332305664576495,240.0,5.0,13.0
2042_BCCS_SP245,2042.0,0.0207579008371385,1.8303978660702,55.31731991597261,0.1078302166217577,-0.2976805150328236,-4423.161914715222,7528.0,0.2443545285864697,0.0318482316469405,380.0,9.0,12.0
2043_BCCS_SP245,2043.0,0.0213752383561643,1.740812457844716,46.90727567306475,0.2190083212459644,0.013495231528374,4833.65058528476,7729.0,0.2448838586089229,0.0320529084392569,277.0,10.0,3.0
2044_BCCS_SP245,2044.0,0.0215374613394216,1.7707123065189896,35.8998195700907,-0.2131988980499979,-0.4191560146148201,2915.972115284775,7261.0,0.244069918686811,0.0326736101867049,332.0,0.0,3.0
2045_BCCS_SP245,2045.0,0.0213067392694063,1.7546591993134697,53.34601773967156,-0.4896598095905902,-0.1525261900893184,-10199.7407647152,7393.0,0.2710354188200073,0.0363757717948205,350.0,0.0,24.0
2046_BCCS_SP245,2046.0,0.0202275792998477,1.8480412896632008,50.35957053149318,-0.0656274778456867,-0.1896948929897064,-6779.283904715237,7627.0,0.2659354521698316,0.0342008722076576,265.0,2.0,15.0
2047_BCCS_SP245,2047.0,0.0233256286149162,1.6502484771484014,55.85928697722174,0.193605142057216,-0.1624509601658443,8611.662185284751,7596.0,0.2330022854207101,0.0335995516771253,475.0,13.0,5.0
2048_BCCS_SP245,2048.0,0.0234018646118721,1.631790683901332,45.03250999179912,0.2493768473427081,-0.2076505239395034,92.27249528476594,7572.0,0.2700464664916086,0.0379969533016485,472.0,7.0,2.0
2049_BCCS_SP245,2049.0,0.0236521180365296,1.6054275797690951,63.13170929556627,0.1453005549603086,-0.8751079946759472,-4752.14484471525,7717.0,0.2547580938590149,0.0330747616538222,513.0,7.0,4.0
2050_BCCS_SP245,2050.0,0.0214755432267884,1.796804198462968,41.67759540341832,-0.0597639876545987,-0.2760542124650715,-11403.468144715236,7631.0,0.2814452081414671,0.0323911537058213,231.0,0.0,11.0
2051_BCCS_SP245,2051.0,0.0207112846270928,1.8025753696604296,51.62000113301507,-0.089091698214729,-0.3170709576414499,-21344.04758471512,7605.0,0.2610427546904136,0.0334959281904563,512.0,1.0,16.0
2052_BCCS_SP245,2052.0,0.0227176012937595,1.6458280743964122,49.87828850027335,0.0876059292949214,-0.8144076818045636,1721.325875284761,7397.0,0.2686678402151437,0.0338445049115474,377.0,1.0,1.0
2053_BCCS_SP245,2053.0,0.0218214686453576,1.75426588966137,41.06245120720098,0.1953687615034288,-0.3868655909325866,4629.584045284762,7461.0,0.2525491035252629,0.0343768652450415,452.0,6.0,1.0
2054_BCCS_SP245,2054.0,0.0214215896499238,1.7339501508463842,52.62115077941564,0.4571397106401391,-0.2294505856564583,998.8531852847592,7868.0,0.248707852393094,0.035317656223332,403.0,14.0,4.0
2055_BCCS_SP245,2055.0,0.0224075610350076,1.725101175168277,39.289089042416585,0.3318685349413952,-0.4368405553450882,8520.387805284809,7478.0,0.2756474825259098,0.0337612426381871,264.0,5.0,0.0
2056_BCCS_SP245,2056.0,0.0211142408675799,1.7882835201687002,37.79791994620956,0.4636066420385982,0.0606104021299724,4579.351535284747,7524.0,0.257400170136114,0.0350931744251642,347.0,11.0,0.0
2057_BCCS_SP245,2057.0,0.0233161164383561,1.6257441114183064,42.56219965006115,0.1290318948951627,0.7415034518987813,18353.447525284748,7519.0,0.2405155785414367,0.0314243641413286,329.0,16.0,4.0
2058_BCCS_SP245,2058.0,0.0216145067732115,1.7440249754056536,49.95884377813674,0.4939437323423467,-0.3449006764875397,3580.3009552847534,7843.0,0.2352226861513871,0.0326941346821966,520.0,12.0,0.0
2059_BCCS_SP245,2059.0,0.0199100431506849,1.8351989018726007,35.95340559901667,0.1195920628789444,-0.322929719237655,5280.312375284777,7424.0,0.2709175494031536,0.0354920453527018,323.0,1.0,1.0
2060_BCCS_SP245,2060.0,0.0243688719178082,1.602308868087397,50.28186142467443,0.3079780211116729,-0.2791662131378327,9174.671065284754,7708.0,0.2730236713221955,0.0381532817290968,530.0,12.0,0.0
2061_BCCS_SP245,2061.0,0.0212932509893455,1.7904457628691808,49.09414468986039,0.2148096479696396,-0.3418437954099076,-7664.425294715218,7532.0,0.2472174712105643,0.0321716063684837,456.0,8.0,1.0
2062_BCCS_SP245,2062.0,0.0221197952815829,1.725545152813288,42.65263107250878,-0.1339177415972641,0.4553803559196341,5889.697205284771,7498.0,0.2535457896512793,0.0330821998017699,353.0,5.0,11.0
2063_BCCS_SP245,2063.0,0.0240268474124809,1.5758010226395274,62.67580898392581,0.1971076596018048,-0.586523888693951,496.63936528475375,7717.0,0.2662922639190166,0.0322451428762807,418.0,11.0,3.0
2064_BCCS_SP245,2064.0,0.0226889341704718,1.6921582722356094,44.07120772653464,0.0319603484187671,-0.162091910160095,4168.361445284777,7461.0,0.231547074780226,0.0286581283956645,310.0,2.0,5.0
2016_CMR5_SP245,2016.0,0.0202888496194824,1.623865782362527,34.140735793166776,0.0129846301770266,-0.4769329815788041,-3238.5582049244504,7285.0,0.2798386536387969,0.0337094607986637,151.0,0.0,3.0
2017_CMR5_SP245,2017.0,0.0214178064687975,1.521465096759436,52.34181905682611,-0.0899049423856881,-0.5550299424117746,-23551.22248492444,7678.0,0.2636209433979019,0.0316213943008534,236.0,1.0,22.0
2018_CMR5_SP245,2018.0,0.021393158066971,1.5992802654482676,42.15220833737854,-0.186997701102288,-0.046545751325441,-16448.98401492443,7526.0,0.2723930726744555,0.0307647777712442,260.0,0.0,12.0
2019_CMR5_SP245,2019.0,0.0216459168188736,1.5535994127513877,47.19156855888295,0.4602168737141868,-0.4586927061343595,-1095.4985249244528,7802.0,0.2712842397914526,0.0325498146635031,224.0,7.0,0.0
2020_CMR5_SP245,2020.0,0.0228735404870624,1.4301853587109157,52.81572257162428,-0.1669313223877541,-0.6084543154917026,-10047.799504924456,7307.0,0.2555389845238548,0.0306421562707532,230.0,1.0,11.0
2021_CMR5_SP245,2021.0,0.0231228744292237,1.4793480312556726,52.16106551065277,0.135291678935216,-0.5730157438553425,-1027.1164149244594,7536.0,0.2406823033451307,0.031104611079551,323.0,4.0,4.0
2022_CMR5_SP245,2022.0,0.0206148546423135,1.6041793286365171,42.7564975251488,-0.249429202198877,-0.2327741652425734,-18761.15802492448,7509.0,0.247715569687052,0.0308919174891204,247.0,0.0,16.0
2023_CMR5_SP245,2023.0,0.0201420974124809,1.6035689396868034,49.70094271000965,-0.1779022148428496,-0.4218950468294413,-21863.62181492449,7479.0,0.2572372110464158,0.0343424103332577,356.0,0.0,22.0
2024_CMR5_SP245,2024.0,0.0211710381278538,1.5979466625048415,36.87560797650959,0.3263397150198115,-0.4923236327173277,-6971.276684924464,7532.0,0.2280526794408291,0.0310824679505461,361.0,1.0,0.0
2025_CMR5_SP245,2025.0,0.0204491117960426,1.586041588051667,52.76417805803807,-0.134041707739068,-0.4547668089695613,-18676.09429492449,7647.0,0.249703388945973,0.030029899792944,245.0,0.0,19.0
2026_CMR5_SP245,2026.0,0.0194387815829528,1.699406566760774,39.07916516675631,0.0484429455494685,-0.6723137773460257,-15134.06651492446,7485.0,0.2601396915172965,0.0322429997193721,325.0,0.0,4.0
2027_CMR5_SP245,2027.0,0.0209736713089802,1.5448692131002677,40.24105901058234,0.1451091044468054,0.2769709167833492,-12521.031044924408,7706.0,0.2536668472047798,0.0291055377236356,274.0,2.0,7.0
2028_CMR5_SP245,2028.0,0.0210858465753424,1.6308889072545758,46.78166929678115,0.0348019144668719,-0.2691412911628323,-11851.603164924478,7436.0,0.2710923267369435,0.0352035946511813,341.0,1.0,9.0
2029_CMR5_SP245,2029.0,0.0203871348554033,1.593487430060552,41.83981209330958,0.1630688821336317,-0.4872758183568617,-11487.795914924496,7634.0,0.2390031100709112,0.0315811792414386,373.0,1.0,3.0
2030_CMR5_SP245,2030.0,0.0208312772450532,1.6336422117535838,36.750747569311606,0.209050178691532,-0.4232793495679221,-9839.168254924458,7546.0,0.2578956758381855,0.0309040573248988,213.0,0.0,1.0
2031_CMR5_SP245,2031.0,0.0219222073820395,1.513410652805732,44.91351974678519,0.1089976687275352,-0.5387693933565063,-3165.1618249244443,7726.0,0.2348333201278685,0.0269833045031752,303.0,0.0,0.0
2032_CMR5_SP245,2032.0,0.0217729474885844,1.5498767207737032,32.92136139058416,0.1334376822877902,-0.5094380731230244,-4094.817504924451,7355.0,0.2785247003716812,0.030871128576357,187.0,0.0,0.0
2033_CMR5_SP245,2033.0,0.0199425684170471,1.629625918605165,31.17303641478176,0.1133212251425083,-0.5424368674458822,-10221.541524924398,7570.0,0.2705610549149446,0.032836467378655,208.0,0.0,0.0
2034_CMR5_SP245,2034.0,0.0230213355403348,1.4836120894473204,46.08709174662615,0.2799983995713649,-0.6151276174364706,4465.354575075567,7486.0,0.2795037399119635,0.0337642127185384,238.0,2.0,1.0
2035_CMR5_SP245,2035.0,0.0219833749619482,1.5101458078795793,51.74392406836384,-0.0443487851257254,-0.84141068563396,-341.93695492444925,7259.0,0.2369893362255965,0.0286520520658119,329.0,0.0,6.0
2036_CMR5_SP245,2036.0,0.0200100166666666,1.6685355146010838,38.17226244931326,-0.05889945186035,-0.5234341708492027,-9459.70216492447,7377.0,0.2931351429386917,0.0328601443142829,188.0,0.0,4.0
2037_CMR5_SP245,2037.0,0.0207197911719939,1.5475962750992156,32.68924007898582,0.2187335518831553,-0.362968162026601,1995.28789507554,7355.0,0.2572910498788547,0.0310070422878447,234.0,1.0,0.0
2038_CMR5_SP245,2038.0,0.0213254373668188,1.5041460820355412,31.61464176077864,0.0371716629186885,-0.589305851081789,-5794.473744924471,7254.0,0.2693855954763988,0.0323573190742502,175.0,0.0,0.0
2039_CMR5_SP245,2039.0,0.0231269108066971,1.450004785555293,48.58548739286468,-0.0642834523866398,-0.6276788774738535,-1215.2365049244602,7342.0,0.2439912923088632,0.0313386013135957,255.0,0.0,4.0
2040_CMR5_SP245,2040.0,0.0220559418569254,1.540248458164616,44.2703688632466,0.0664504526460468,-0.1703955871182514,-5781.177454924448,7537.0,0.2744756015780593,0.0317309576209378,204.0,2.0,6.0
2041_CMR5_SP245,2041.0,0.0204845458143074,1.6133390852452008,36.9684058192444,0.1430883583257982,-0.7913761784885689,-9657.8998649244,7408.0,0.2313863891869949,0.0287615531684512,313.0,0.0,0.0
2042_CMR5_SP245,2042.0,0.0208292298325723,1.5978344826361524,55.84187968885993,-0.0708942179153272,-0.5858409383348628,-12061.27902492445,7500.0,0.2420878968299273,0.0311456715157918,380.0,1.0,11.0
2043_CMR5_SP245,2043.0,0.0210387724505327,1.521363744646208,50.57525684353639,-0.1540337005144546,-0.5525322489717857,-12234.7969349245,7452.0,0.2447386085930661,0.0317465380035797,318.0,0.0,17.0
2044_CMR5_SP245,2044.0,0.0217055227549467,1.5054800600260316,44.43966453052794,-0.1524589295515276,-0.5222115696947043,-14711.483844924453,7450.0,0.2622057778285192,0.0314392426908704,332.0,0.0,10.0
2045_CMR5_SP245,2045.0,0.0226355679604261,1.5072432098192128,52.40932928032149,0.0879006847533053,-0.3104115585932296,3791.7501850755375,7463.0,0.2437714390024228,0.029797778533169,239.0,7.0,5.0
2046_CMR5_SP245,2046.0,0.0224822426940639,1.4751744793481667,43.777570095823926,0.0848016644988199,-0.3008571174385523,4967.355435075549,7393.0,0.2769699849551572,0.034390710148645,169.0,5.0,5.0
2047_CMR5_SP245,2047.0,0.0209940383561643,1.5933645383217006,45.10255625202959,-0.0170871543392472,-0.5117040320167767,1958.7924150755384,7437.0,0.2367437985183494,0.0304239174934806,322.0,1.0,4.0
2048_CMR5_SP245,2048.0,0.0214286703196347,1.5599721640747328,36.87199948983013,0.4440488022357194,-0.392608454552378,9294.13033507556,7615.0,0.2455055838058632,0.0313661989025034,312.0,6.0,0.0
2049_CMR5_SP245,2049.0,0.0217650405631659,1.5264313517921202,46.58021362511275,0.0595764883327699,-0.5403286141806642,-3331.4896449244734,7444.0,0.2570418252590986,0.032253603515218,228.0,4.0,4.0
2050_CMR5_SP245,2050.0,0.0200171330289193,1.665173033824417,39.37840629922236,0.151982237405448,-0.3405777904941676,-7582.186314924447,7378.0,0.2518708116603874,0.0291861679047417,175.0,4.0,0.0
2051_CMR5_SP245,2051.0,0.0227380861491628,1.4829791359903073,47.51926425934549,-0.0684198129735648,-0.6338282967915072,-4982.718284924456,7380.0,0.2763438090979437,0.0323242479651474,227.0,0.0,5.0
2052_CMR5_SP245,2052.0,0.0215376474885844,1.532425665638886,32.416369161426665,0.2740805307427812,-0.1742880755013587,-3274.6459649244707,7351.0,0.2583457099237609,0.0327815577123001,252.0,2.0,0.0
2053_CMR5_SP245,2053.0,0.0232186352359208,1.4563187033934344,51.675605744183926,0.0496262850580277,-0.3988895517339328,3007.0709550755546,7585.0,0.256081897514937,0.0325883612519536,375.0,5.0,8.0
2054_CMR5_SP245,2054.0,0.0218708696347031,1.5278143220174454,51.54340012487933,-0.0752455085032525,-0.5273662280509197,-6554.4419449244615,7561.0,0.2672371875784907,0.0351837334256494,349.0,1.0,9.0
2055_CMR5_SP245,2055.0,0.0219595873668188,1.522889498946813,53.578659339473134,0.1939187158113896,-0.8689534420674145,3189.990925075521,7500.0,0.2678530827720058,0.0321417057415707,240.0,4.0,0.0
2056_CMR5_SP245,2056.0,0.0231801873668188,1.467592260503585,52.55340111894353,0.0615635567939308,-0.5092162042624238,12233.170915075534,7483.0,0.2359696799355583,0.0295219754057578,290.0,9.0,0.0
2057_CMR5_SP245,2057.0,0.0222608166666666,1.4491345304074736,36.33837989115404,0.1972712483356725,-0.2213619580684112,6746.666695075549,7275.0,0.2549428415344217,0.0325976438232027,257.0,7.0,0.0
2058_CMR5_SP245,2058.0,0.0205902029680365,1.5266757624274303,74.97523602264388,-0.5241578445840573,-0.5269103807145159,-9906.889274924504,7391.0,0.2256325419949004,0.0288435839359811,329.0,0.0,38.0
2059_CMR5_SP245,2059.0,0.0227228296803653,1.4956495830215646,52.1358084727158,0.0635466440293134,-0.4833098181369322,6050.040505075538,7407.0,0.2433326296634572,0.0334542713217807,412.0,8.0,4.0
2060_CMR5_SP245,2060.0,0.0220980570776255,1.5205502696687172,51.6404690920712,0.3579877405277953,-0.6567649063173713,16097.029545075526,7703.0,0.247648394857353,0.0293412887181805,336.0,21.0,0.0
2061_CMR5_SP245,2061.0,0.02189670456621,1.5548752516662168,57.36253966225053,0.0901681818911497,0.039571454609689,8040.439675075531,7683.0,0.2450106219761261,0.0317698312242265,360.0,17.0,9.0
2062_CMR5_SP245,2062.0,0.0216148351598173,1.5114033916120384,51.54016632488612,-0.0952723350272013,-0.6790031420051932,-519.6525349244661,7387.0,0.2712166909718258,0.0324568891976729,241.0,1.0,7.0
2063_CMR5_SP245,2063.0,0.0232780138508371,1.5103818650433716,55.03645884084308,0.6538991111571552,-0.2419505709018738,13590.589835075512,7927.0,0.2418482847103296,0.0297369279052105,225.0,24.0,0.0
2064_CMR5_SP245,2064.0,0.0220054511415525,1.5173609146429072,45.247557657704974,0.3191797825933878,-0.4815154855614278,4685.977995075557,7556.0,0.2292137553373672,0.0314523610583946,363.0,8.0,0.0
2016_ECE3_SP245,2016.0,0.021447150304414,1.5176418245412953,59.83267521890608,-0.4717998506788631,0.4138999227558595,-7988.76185071004,7534.0,0.2474124080247618,0.0302257593131215,298.0,1.0,23.0
2017_ECE3_SP245,2017.0,0.0205456754946727,1.617596198758304,39.40670840758626,0.2661055575472669,-0.3182122753917227,-6787.625360710012,7625.0,0.2673100183303523,0.0347069587273423,269.0,1.0,0.0
2018_ECE3_SP245,2018.0,0.0198619174277016,1.6064105813911622,29.748043968421097,-0.3941318581135238,0.0772812894311676,-11663.976280710016,7398.0,0.2608759020943537,0.0325520595055794,260.0,0.0,4.0
2019_ECE3_SP245,2019.0,0.0204224357686453,1.6095486709624542,41.52402168409953,0.3070015427706916,-0.1479059423882853,-179.3009507100199,7655.0,0.280070844705763,0.0314185731870676,195.0,5.0,0.0
2020_ECE3_SP245,2020.0,0.0207040968036529,1.5949112217653687,32.765279399048,-0.0486281550799881,-0.3566190537186418,-3306.809530710016,7367.0,0.2532824707412059,0.0337375469414634,257.0,0.0,2.0
2021_ECE3_SP245,2021.0,0.0206541889649923,1.5371527160692082,44.13808743168997,-0.0877303077694548,-0.7965599331705908,-10365.96130071004,7335.0,0.2608465334195937,0.0341254297683675,364.0,0.0,3.0
2022_ECE3_SP245,2022.0,0.0214825146118721,1.5820829991563616,46.33337375700415,-0.0741611950693601,-0.1073392934522545,-6099.251400710039,7471.0,0.282312699255369,0.0350642611452334,398.0,3.0,7.0
2023_ECE3_SP245,2023.0,0.0213906241248097,1.5651056523565166,36.94634249630916,-0.0357249287133834,-0.1613408412102837,2582.203499289982,7384.0,0.2554380998211363,0.0329341392069554,302.0,1.0,3.0
2024_ECE3_SP245,2024.0,0.0215775283105022,1.5457837164881154,51.752985109541584,-0.4024656995702677,0.0850983892453141,-4195.796460710019,7450.0,0.2578647753802438,0.0330181282265831,298.0,1.0,16.0
2025_ECE3_SP245,2025.0,0.0212189486301369,1.578415213487893,47.06765193577573,-0.0695694727637999,-0.3798598005918792,-1847.4115807100247,7429.0,0.2410434360847889,0.0323546369346388,464.0,2.0,8.0
2026_ECE3_SP245,2026.0,0.0205191465753424,1.6069205492746177,37.80211237371223,-0.1049458781725472,-0.3152378788362799,-1388.5932007100143,7186.0,0.2729401469726377,0.036017952559746,343.0,0.0,2.0
2027_ECE3_SP245,2027.0,0.0198957898021309,1.6137201211657646,58.020555327106464,-0.3963188041710724,-0.2322708410506404,-13014.150590710016,7373.0,0.2725664867501363,0.032271153620098,164.0,2.0,28.0
2028_ECE3_SP245,2028.0,0.0204976340182648,1.6273595336592266,29.95399777230856,0.0474589157423105,-0.3292261366203761,2250.0688192899743,7291.0,0.2634544321015843,0.031129607999291,173.0,0.0,1.0
2029_ECE3_SP245,2029.0,0.0213795037290715,1.4795519483243258,54.32645556685634,-0.3273837069188017,-0.1540353911747241,-5743.139980709983,7464.0,0.2473635537415483,0.0323587037818778,311.0,2.0,10.0
2030_ECE3_SP245,2030.0,0.0200629807458143,1.624306434801425,45.04326752784488,-0.1292285037815745,-0.6490770629259361,-8180.6553307100285,7327.0,0.265203595273433,0.031888366997334,275.0,0.0,9.0
2031_ECE3_SP245,2031.0,0.022869258828006,1.522614033055163,70.104336729665,-0.247918417984208,-0.7303640232008899,-22500.17376070997,7475.0,0.2630820339460364,0.0348674921545708,302.0,0.0,30.0
2032_ECE3_SP245,2032.0,0.0211937735159817,1.566039208217108,46.21587810778161,0.0912013309068373,-0.2495304499632937,3816.34345928997,7667.0,0.2548061789017011,0.0349384283809396,294.0,5.0,4.0
2033_ECE3_SP245,2033.0,0.0211858818873668,1.5103059245103023,45.6388427613753,0.0803428780634971,-0.3799238643167824,-616.0217507100198,7638.0,0.2725803126181325,0.0334930690255908,303.0,1.0,3.0
2034_ECE3_SP245,2034.0,0.0209996168949771,1.6081625302097982,33.81066927165951,0.5443962850865315,0.346702146356483,39.33181928998334,7688.0,0.2752808872017354,0.0321036923712932,260.0,4.0,0.0
2035_ECE3_SP245,2035.0,0.0196786336377473,1.6923500111738603,38.824891754623856,-0.3154320528300286,-0.0644602296466989,-7811.434310710033,7227.0,0.2648202709847649,0.0319191403363278,222.0,1.0,8.0
2036_ECE3_SP245,2036.0,0.0215872304414003,1.5350387173686009,37.26018437560735,-0.0259599273760632,-0.0279856183150237,-2038.1316407100007,7432.0,0.2574076257817356,0.0302099222382932,240.0,1.0,5.0
2037_ECE3_SP245,2037.0,0.0203629451293759,1.6485938133824505,51.412584732524834,-0.2003483460678341,-0.6689302269874959,-15410.851580709998,7387.0,0.2875559010034123,0.0336038040748454,105.0,0.0,10.0
2038_ECE3_SP245,2038.0,0.0221281959665144,1.543765987780232,48.0793953593241,-0.2347609974414845,-0.4445351639866244,-12646.653720710012,7237.0,0.2640935602491406,0.0325059179241736,303.0,1.0,16.0
2039_ECE3_SP245,2039.0,0.0203883840182648,1.5737948386118206,43.98507045166208,0.0728195640737425,-0.4082452717079996,3811.8333192899786,7485.0,0.2458740355190216,0.0297442925965989,255.0,1.0,4.0
2040_ECE3_SP245,2040.0,0.0213566343987823,1.5659675759897718,39.83281029735524,0.1807913971619142,-0.3753829893834273,-1234.651730710014,7474.0,0.2453476560743869,0.0301913528010067,231.0,2.0,2.0
2041_ECE3_SP245,2041.0,0.0210807769406392,1.57311471633617,43.1213093439701,-0.2245903579437313,-0.2901476755170979,3576.700679289989,7346.0,0.2738595660082962,0.0300794413932882,178.0,0.0,7.0
2042_ECE3_SP245,2042.0,0.0221555355403348,1.4961341287485797,62.13000297847051,-0.0537307479653471,-0.515805756292377,2814.419049289968,7384.0,0.2385513054255305,0.0300615788077943,305.0,10.0,9.0
2043_ECE3_SP245,2043.0,0.0227685843226788,1.448429626307834,40.700216063148936,0.0329197756281193,-0.764402705747798,179.32308928998913,7457.0,0.2653603724169426,0.0340139980461515,311.0,0.0,0.0
2044_ECE3_SP245,2044.0,0.0201844850837138,1.5695791705350988,41.68862494085456,-0.1973103093917918,-0.6313000793222603,-7686.476470710037,7181.0,0.2431055581941114,0.0335513574392401,391.0,0.0,5.0
2045_ECE3_SP245,2045.0,0.0218556713850837,1.6024222515204616,48.46084811204188,0.304903502497563,-0.7923516059355014,-9679.902780709956,7539.0,0.2823377866067917,0.031769947277725,122.0,2.0,0.0
2046_ECE3_SP245,2046.0,0.0218406569254185,1.5421274943342234,38.08826080386116,0.2873747979451206,-0.4488633813060159,-8075.344860710026,7615.0,0.2625159246869886,0.0352760630960999,315.0,2.0,0.0
2047_ECE3_SP245,2047.0,0.0207675888888888,1.5039691458187106,44.63569620136118,-0.1268390912755813,-0.5000250455853932,-5337.891510710017,7441.0,0.2757692692088138,0.0327326452135493,234.0,0.0,5.0
2048_ECE3_SP245,2048.0,0.0222288302130898,1.5425162058602917,41.80208237762616,0.0552636601934286,-0.6013894389633729,10809.139119290006,7236.0,0.2448856916314648,0.0306836966777895,296.0,2.0,1.0
2049_ECE3_SP245,2049.0,0.0214503229832572,1.6213883471278048,45.16316314242451,-0.0628065522122099,-0.2813599282296835,3379.2470292899825,7325.0,0.2804709020943537,0.0345070367331251,233.0,5.0,5.0
2050_ECE3_SP245,2050.0,0.0202771514459665,1.515306048575448,36.06061663755472,0.0872515588512365,-0.2250119672483013,8356.656039289992,7390.0,0.2922281607743146,0.0355137007703685,262.0,3.0,1.0
2051_ECE3_SP245,2051.0,0.0204625901826484,1.5946040966216717,36.73068005142358,0.3121596032278998,-0.3924585368054876,6722.765019290035,7621.0,0.2751034746736689,0.0346238276138218,271.0,2.0,1.0
2052_ECE3_SP245,2052.0,0.0223889926179604,1.5231559113702549,48.398926272817306,0.3229075434354023,-0.6412230542514523,15793.624269290003,7618.0,0.2705460597353832,0.032874428269224,171.0,12.0,0.0
2053_ECE3_SP245,2053.0,0.0206898796803652,1.5479248893602344,42.11554028804172,0.11239839383309,-0.5192244204880954,-1553.0001307100276,7572.0,0.259499652877675,0.0330423642558247,288.0,4.0,0.0
2054_ECE3_SP245,2054.0,0.0202035243531202,1.6538863324853994,45.8298599611407,-0.1255244305080424,-0.2119305973639886,9723.746509289913,7159.0,0.26553147105834,0.0344383157101435,206.0,4.0,2.0
2055_ECE3_SP245,2055.0,0.0213730372146118,1.610200536092853,43.67431561783272,0.3042591062293298,-0.4930533128021404,8768.993789290005,7675.0,0.2404218436401923,0.0304024629003682,326.0,11.0,0.0
2056_ECE3_SP245,2056.0,0.0205656624048706,1.5719148509966572,45.247292149596696,-0.2708617979745795,-0.45607712654708,-5087.68983070998,7259.0,0.2854683613299336,0.0337728036897053,238.0,1.0,9.0
2057_ECE3_SP245,2057.0,0.0218716912480974,1.5665270004710328,49.46732392670033,-0.3306677173702151,0.0592331971869248,2770.344769289988,7282.0,0.2619105903261407,0.0329225034724944,325.0,6.0,9.0
2058_ECE3_SP245,2058.0,0.0209956786910197,1.5632102797663483,44.79395838062504,0.2817180718173875,-0.4238036724228755,7569.928899290019,7470.0,0.2802110952163489,0.0358437446008069,264.0,11.0,0.0
2059_ECE3_SP245,2059.0,0.0211091877473363,1.5652535984049412,71.13143022413628,-0.3035066701674065,-0.0423931779945596,-8729.195440710055,7494.0,0.2431525498851974,0.0347360468418157,460.0,6.0,23.0
2060_ECE3_SP245,2060.0,0.0212165646879756,1.571271324256176,53.07791459877696,-0.2868626116135769,-0.215653505244314,-3497.505830710028,7455.0,0.2683011867158859,0.0340669899122863,227.0,2.0,14.0
2061_ECE3_SP245,2061.0,0.0215098252663622,1.5064830956732078,58.41963321052218,-0.0049742956204831,-0.5432270904091823,-2500.5610607100207,7657.0,0.2640487703822101,0.0329262630823139,221.0,6.0,11.0
2062_ECE3_SP245,2062.0,0.0201639184170471,1.5991869542366206,43.997431248612365,0.1520927758814,-0.2730397046194772,-3081.073000710021,7811.0,0.270048781228197,0.0314810051843554,198.0,5.0,5.0
2063_ECE3_SP245,2063.0,0.0207497975646879,1.6070594492082655,48.55066209168717,0.1343268051953875,-0.5101138132134908,-2246.4464507100247,7702.0,0.2494139629967905,0.0302574807866441,305.0,2.0,2.0
2064_ECE3_SP245,2064.0,0.0212867467275494,1.5688469629535824,51.78195197441252,-0.1930540153345541,-0.7529604142706177,-3942.25050071002,7304.0,0.2751534192386243,0.0333889151509407,227.0,0.0,8.0
2016_MEHR_SP245,2016.0,0.0215968262557077,1.6129782813795737,51.521413914233,-0.1832837559431669,-0.536502269447729,-12329.926705191205,7345.0,0.2437939835217109,0.0354988749023853,521.0,0.0,13.0
2017_MEHR_SP245,2017.0,0.0220916484779299,1.643200252994235,57.777388825985405,-0.5459703566642635,-0.3392330711605011,-12256.95990519119,7241.0,0.268065440397813,0.0317038387294267,287.0,0.0,31.0
2018_MEHR_SP245,2018.0,0.0215250690258751,1.7083707332546951,46.17918206756914,0.1394388803984216,-0.43735206132683,-5429.370625191215,7622.0,0.2579706992299983,0.0321123215792316,301.0,2.0,6.0
2019_MEHR_SP245,2019.0,0.0194405162100456,1.8308841377648333,31.704786264072872,0.0435057068807963,-0.3526310563774339,-7441.593875191226,7528.0,0.2365257123212949,0.030175061240351,300.0,0.0,0.0
2020_MEHR_SP245,2020.0,0.0206873886605783,1.6704033992765903,34.79255714990191,0.1822027306651987,-0.224745738567714,4418.609254808786,7474.0,0.2454597372734076,0.0318291556199264,338.0,1.0,0.0
2021_MEHR_SP245,2021.0,0.0214027693302891,1.676614050735059,38.87051018311237,0.2096143163713399,-0.3088798032437072,1504.7654048087695,7574.0,0.2401262430769621,0.0300084422051124,372.0,0.0,5.0
2022_MEHR_SP245,2022.0,0.0200067302130898,1.7760595562110582,36.457097027328594,0.1612164201040355,-0.6541043389813632,6990.023234808748,7357.0,0.2668945091778614,0.0328889667179246,329.0,0.0,1.0
2023_MEHR_SP245,2023.0,0.0201315089041095,1.7941217774870954,31.74169581132524,0.2416622834611183,-0.60825933401992,-10747.118195191257,7596.0,0.254490919765067,0.0286467452831825,186.0,0.0,2.0
2024_MEHR_SP245,2024.0,0.0205711238964992,1.698867996786262,45.54852977380769,-0.1807455795024562,-0.5984701176266327,-20930.20797519127,7607.0,0.2822263147873298,0.0368140015822349,397.0,0.0,19.0
2025_MEHR_SP245,2025.0,0.0235947366057838,1.501877143607721,48.20548572942671,0.029206771783374,-0.7054285710408492,10593.488344808766,7354.0,0.2589581140541158,0.0339449635902979,308.0,0.0,3.0
2026_MEHR_SP245,2026.0,0.0228641267123287,1.599359597596442,43.535573909938414,0.0960988891686096,-0.2457917986487072,4936.4917348087865,7380.0,0.2384733630551432,0.0306375529349769,393.0,2.0,7.0
2027_MEHR_SP245,2027.0,0.020902752435312,1.7068544655455389,42.233183108208685,0.2012215553667916,-0.4667768648076178,-2934.438495191216,7736.0,0.2528069363575243,0.0320820206771727,328.0,0.0,3.0
2028_MEHR_SP245,2028.0,0.021138550761035,1.6834598336861393,49.102312493143664,0.0379015924679528,-0.2886567472582677,-1627.445475191238,7609.0,0.2338764572947191,0.0310467817079669,490.0,3.0,8.0
2029_MEHR_SP245,2029.0,0.0223672345509893,1.618545852421064,50.51775441653732,0.0967664744589204,-0.6990271999924911,8847.096044808759,7558.0,0.2326690133830599,0.029771226027283,443.0,5.0,4.0
2030_MEHR_SP245,2030.0,0.0206742279299847,1.674913045638006,39.03177259629568,0.1958604415593192,-0.7169623727262513,-6520.924915191246,7450.0,0.2753794834138854,0.0353189122820171,263.0,0.0,2.0
2031_MEHR_SP245,2031.0,0.0211798245053272,1.6532208249882292,42.41575031401389,0.0456896046802329,-0.3448327634427865,-12839.173835191154,7651.0,0.2761680238738567,0.0336518842201263,276.0,0.0,13.0
2032_MEHR_SP245,2032.0,0.0227060451293759,1.5399320172898203,48.41878481252124,0.0188309467109488,-0.5704502042191075,1683.83876480878,7543.0,0.2510995142012659,0.0336627366569708,374.0,0.0,9.0
2033_MEHR_SP245,2033.0,0.0210192478691019,1.708785552364524,36.03667879106714,-0.000746817203746,-0.3886638930368762,-609.3872151912223,7416.0,0.2501712581852316,0.03136238989506,303.0,0.0,2.0
2034_MEHR_SP245,2034.0,0.0216859613394216,1.6354589760153275,35.56917695419496,-0.0058207295427093,0.0287229276521259,2881.283794808778,7463.0,0.2453996306529157,0.0316722420297003,274.0,1.0,5.0
2035_MEHR_SP245,2035.0,0.0193483293759513,1.8299473509483404,40.15725153754333,-0.0949294308166377,-0.465611311487085,-4274.02894519123,7308.0,0.2431856743793685,0.0340740615638578,447.0,0.0,9.0
2036_MEHR_SP245,2036.0,0.0205817756468797,1.7067981167859063,39.121255649277145,-0.1356841549627294,-0.5637210834660995,-3561.245665191223,7323.0,0.2723595874973043,0.0344451457385365,266.0,0.0,7.0
2037_MEHR_SP245,2037.0,0.0197736463470319,1.8188163614693544,32.54090561182928,-0.1350455474761571,-0.4968787470140583,-6650.540285191218,7433.0,0.2620757226598673,0.0345349536078703,290.0,0.0,4.0
2038_MEHR_SP245,2038.0,0.0213103946727549,1.637945994292922,40.31938646297272,0.16464064854614,0.3565610532002292,1474.1578848087763,7659.0,0.2833337889789549,0.0329607688596343,194.0,4.0,9.0
2039_MEHR_SP245,2039.0,0.0216929720700152,1.6295496002619514,50.76287050769695,-0.4953644860754042,-0.4239272385590689,-9418.42658519125,7298.0,0.2647890409990993,0.0302785171750403,245.0,0.0,24.0
2040_MEHR_SP245,2040.0,0.0223775792998477,1.603606635986937,56.40692424637098,0.1937390410050638,-0.6142644048877326,-1190.0867551912156,7600.0,0.2614559484593624,0.032986296543468,337.0,4.0,6.0
2041_MEHR_SP245,2041.0,0.0193120266362252,1.778822700641124,34.45955009718399,-0.1451600466294138,-0.4844467053715844,-4359.862595191209,7291.0,0.2497541870330199,0.0316070301666638,333.0,0.0,5.0
2042_MEHR_SP245,2042.0,0.0226217277016742,1.5780495408130406,54.813405657106784,0.1444017723048603,-0.5507268101790936,6541.5059148087885,7549.0,0.2439217069680709,0.0293844798725299,334.0,7.0,4.0
2043_MEHR_SP245,2043.0,0.0211174225266362,1.6935682362317106,49.83927080105136,-0.1965729676913929,-0.5914233772193058,-11598.18550519122,7506.0,0.2417392353388895,0.0333011581263388,504.0,0.0,23.0
2044_MEHR_SP245,2044.0,0.0217641292998477,1.609890615886997,56.80209069693737,0.2672117126061878,-0.2675353905366724,12188.516004808876,7786.0,0.2739602659867311,0.0322685888553852,238.0,13.0,5.0
2045_MEHR_SP245,2045.0,0.0216488445205479,1.7000974559284587,34.18940814308576,-0.0392456430052104,-0.3163867861006011,-5690.98515519123,7473.0,0.280362890423818,0.0342577137692783,341.0,0.0,4.0
2046_MEHR_SP245,2046.0,0.0208571385844748,1.6443181055221614,51.89904930917832,-0.1976192466125203,-0.5163865828372627,-2874.4624151912253,7496.0,0.2409180576803541,0.0335308595879411,426.0,0.0,14.0
2047_MEHR_SP245,2047.0,0.0203524950532724,1.747462192094419,39.09637836112648,-0.2736610150066579,-0.4025973208314846,-4874.9805451912325,7344.0,0.2925875779832807,0.034630206600512,250.0,0.0,8.0
2048_MEHR_SP245,2048.0,0.022659104414003,1.6344716472590777,52.23080964001969,0.1624116436627887,-0.2550203838273979,2239.056774808777,7663.0,0.2840343181870076,0.0373714841652672,434.0,8.0,6.0
2049_MEHR_SP245,2049.0,0.0202414918569254,1.769519112851755,32.3193056938217,0.1137726140837851,-0.2291408482148718,5654.242774808762,7400.0,0.2843270391597214,0.0340100512081114,253.0,1.0,0.0
2050_MEHR_SP245,2050.0,0.0209255554033485,1.7240948941399394,33.98635243965472,0.105459587056398,-0.1146030957893016,417.87270480876816,7391.0,0.2770960853217643,0.0301131529848185,215.0,0.0,4.0
2051_MEHR_SP245,2051.0,0.0203959694824961,1.7370211018748472,30.64874316091603,0.077738337275356,-0.4511583812753468,-15.948465191228614,7302.0,0.2835292393855209,0.0322421449046362,214.0,1.0,1.0
2052_MEHR_SP245,2052.0,0.0216261968797564,1.641167458957713,45.26541625211941,0.0820697747409325,-0.0726195630824411,5235.313644808768,7572.0,0.2451364567746191,0.0291976176517641,298.0,4.0,10.0
2053_MEHR_SP245,2053.0,0.020729958828006,1.724225582849756,45.4818279382283,-0.2826395788770827,-0.433775202587717,-12957.562035191237,7460.0,0.2840737889408989,0.0365488022679519,293.0,0.0,18.0
2054_MEHR_SP245,2054.0,0.0218195307458143,1.6845059698048928,35.69193442879757,-0.0471496757850298,-0.0410798981131788,-740.5771251912266,7508.0,0.2474532016465603,0.0358178398006496,458.0,0.0,6.0
2055_MEHR_SP245,2055.0,0.021841500304414,1.639792859433202,38.16994828651528,-0.0571218547761399,-0.2147656506184669,8179.608644808769,7301.0,0.2645478010681077,0.0343155931971896,320.0,1.0,2.0
2056_MEHR_SP245,2056.0,0.0216212700913242,1.6215722158712222,43.79446678918527,0.237876916875183,-0.341761299523784,1651.056834808774,7732.0,0.2693990567162664,0.033438611255639,265.0,1.0,2.0
2057_MEHR_SP245,2057.0,0.0214342934550989,1.6518593629069602,45.69641064407153,0.2963074911655269,-0.2893474328900178,921.1637048087752,7626.0,0.248744970417729,0.0338233836549683,368.0,3.0,4.0
2058_MEHR_SP245,2058.0,0.0210943793759512,1.6546741364508306,32.696892388146395,0.3909015670849565,-0.1770833403899661,3840.887704808751,7590.0,0.2525265711458689,0.0314860810096775,373.0,0.0,1.0
2059_MEHR_SP245,2059.0,0.0207000619482496,1.6765154109662153,50.12958254335573,0.0367475860943532,-0.8416745018110539,-7520.458695191235,7425.0,0.2315677555657038,0.033045494263708,525.0,1.0,10.0
2060_MEHR_SP245,2060.0,0.0216652500761035,1.648540765446879,35.960848605131865,0.390894306243899,-0.2374329803136796,1857.3533248087704,7558.0,0.268717785401682,0.0350217148695356,229.0,3.0,0.0
2061_MEHR_SP245,2061.0,0.0219308315829528,1.63520431785798,35.330381001547345,0.2018075849159344,-0.1608644648782324,4164.648884808776,7529.0,0.2466447725640927,0.0297868426078785,341.0,0.0,2.0
2062_MEHR_SP245,2062.0,0.0231127270928462,1.6012924917612803,43.295641773190056,0.2015572995421487,-0.4283959487477977,4452.318794808776,7492.0,0.2726241482919156,0.0356785605601599,360.0,2.0,0.0
2063_MEHR_SP245,2063.0,0.0222075015981735,1.6442093336856127,44.92013120566273,-0.1245599370200085,-0.5037470428900366,8445.751024808762,7114.0,0.2470379745151019,0.0325575450521009,446.0,1.0,5.0
2064_MEHR_SP245,2064.0,0.0214932993150684,1.656547499376232,50.652649462798735,0.0062676374289562,-0.6239424794810216,6261.467004808779,7221.0,0.2502413524501782,0.0342741778015636,442.0,2.0,6.0
2016_MRM2_SP245,2016.0,0.0223411084474885,1.4601806625415417,,,,,,,,,2.0,0.0
2017_MRM2_SP245,2017.0,0.0209217234398782,1.545519227527224,,,,,,,,,7.0,13.0
2018_MRM2_SP245,2018.0,0.0209935209284627,1.568648480250254,,,,,,,,,0.0,8.0
2019_MRM2_SP245,2019.0,0.0226201764079147,1.440062731858335,,,,,,,,,0.0,29.0
2020_MRM2_SP245,2020.0,0.0210906235159817,1.520224553289781,,,,,,,,,0.0,6.0
2021_MRM2_SP245,2021.0,0.0223617492389649,1.4543488924064718,,,,,,,,,2.0,0.0
2022_MRM2_SP245,2022.0,0.0207134194824961,1.5027907001631302,,,,,,,,,2.0,8.0
2023_MRM2_SP245,2023.0,0.0210437950532724,1.4414933375541568,,,,,,,,,0.0,27.0
2024_MRM2_SP245,2024.0,0.0223986347792998,1.479966259869513,,,,,,,,,0.0,5.0
2025_MRM2_SP245,2025.0,0.022033003652968,1.471434529851107,,,,,,,,,3.0,0.0
2026_MRM2_SP245,2026.0,0.0213717649923896,1.4973032821921626,,,,,,,,,3.0,24.0
2027_MRM2_SP245,2027.0,0.0221834497716894,1.431611625783283,,,,,,,,,1.0,12.0
2028_MRM2_SP245,2028.0,0.0219258843226788,1.4481674332888128,,,,,,,,,2.0,23.0
2029_MRM2_SP245,2029.0,0.0219442171232876,1.454954719932255,,,,,,,,,1.0,7.0
2030_MRM2_SP245,2030.0,0.0217324297564688,1.532226757045524,,,,,,,,,1.0,8.0
2031_MRM2_SP245,2031.0,0.0210942274733637,1.5681834406309552,,,,,,,,,1.0,24.0
2032_MRM2_SP245,2032.0,0.0227858198630137,1.4615160552211734,,,,,,,,,2.0,6.0
2033_MRM2_SP245,2033.0,0.0214940711567732,1.5005797725765455,,,,,,,,,5.0,17.0
2034_MRM2_SP245,2034.0,0.0226447222983257,1.4311284481839908,,,,,,,,,0.0,20.0
2035_MRM2_SP245,2035.0,0.0218785977168949,1.4638814373112443,,,,,,,,,2.0,4.0
2036_MRM2_SP245,2036.0,0.0222570115677321,1.4746809611508649,,,,,,,,,0.0,10.0
2037_MRM2_SP245,2037.0,0.0216735958904109,1.519795545232888,,,,,,,,,4.0,9.0
2038_MRM2_SP245,2038.0,0.0210887648401826,1.5517834855668269,,,,,,,,,0.0,7.0
2039_MRM2_SP245,2039.0,0.021168451217656,1.5719566621260033,,,,,,,,,1.0,14.0
2040_MRM2_SP245,2040.0,0.0213084659056316,1.4779035758734202,,,,,,,,,2.0,3.0
2041_MRM2_SP245,2041.0,0.0209650684170471,1.5304827068177986,,,,,,,,,8.0,1.0
2042_MRM2_SP245,2042.0,0.0216710128614916,1.4750664730798109,,,,,,,,,6.0,14.0
2043_MRM2_SP245,2043.0,0.0229629271689497,1.4571290257273688,,,,,,,,,3.0,6.0
2044_MRM2_SP245,2044.0,0.0204784620243531,1.5822641920399707,,,,,,,,,0.0,8.0
2045_MRM2_SP245,2045.0,0.0221368877473363,1.4842367202842104,,,,,,,,,0.0,9.0
2046_MRM2_SP245,2046.0,0.0216611701674277,1.4983543075743198,,,,,,,,,3.0,24.0
2047_MRM2_SP245,2047.0,0.021867903805175,1.5272464371002354,,,,,,,,,2.0,0.0
2048_MRM2_SP245,2048.0,0.0211205729832572,1.5396572792306,,,,,,,,,1.0,0.0
2049_MRM2_SP245,2049.0,0.0217311145357686,1.4698927452718975,,,,,,,,,7.0,10.0
2050_MRM2_SP245,2050.0,0.0231613427701674,1.5108450749458702,,,,,,,,,0.0,6.0
2051_MRM2_SP245,2051.0,0.022172756849315,1.461432078608886,,,,,,,,,1.0,16.0
2052_MRM2_SP245,2052.0,0.0209889990867579,1.4758269584354622,,,,,,,,,1.0,17.0
2053_MRM2_SP245,2053.0,0.0215611547945205,1.502711351001086,,,,,,,,,2.0,1.0
2054_MRM2_SP245,2054.0,0.0220178736681887,1.408109354572737,,,,,,,,,11.0,8.0
2055_MRM2_SP245,2055.0,0.0210800636986301,1.5651653711999585,,,,,,,,,1.0,6.0
2056_MRM2_SP245,2056.0,0.0220668101217656,1.4657036629141484,,,,,,,,,3.0,7.0
2057_MRM2_SP245,2057.0,0.0214441169710806,1.4778281394452422,,,,,,,,,10.0,16.0
2058_MRM2_SP245,2058.0,0.0223310465753424,1.460074505084372,,,,,,,,,5.0,5.0
2059_MRM2_SP245,2059.0,0.0228350836377473,1.415846932431612,,,,,,,,,1.0,9.0
2060_MRM2_SP245,2060.0,0.021437500608828,1.4973796232430343,,,,,,,,,7.0,9.0
2061_MRM2_SP245,2061.0,0.0212394858447488,1.4944782989500496,,,,,,,,,4.0,7.0
2062_MRM2_SP245,2062.0,0.0220359126331811,1.471907004221585,,,,,,,,,1.0,4.0
2063_MRM2_SP245,2063.0,0.022040354870624,1.512475769044561,,,,,,,,,6.0,3.0
2064_MRM2_SP245,2064.0,0.0219982176560121,1.4706737283706397,,,,,,,,,6.0,3.0
