Name,Mean_SPVgeneral,Skew_SPVgeneral,Variance_TA,Skew_TA,Kurtosis_TA,CREDI_TA,Down Hours_TA,Mean_WOF20,Variance_WOF20,Down Hours_WOF20,Days above 25,Days below -2,cluster,is_centroid,selected
2016_BCCS_SP126,-0.1305500368676843,1.5239760380791239,-0.4241722662242955,0.22763969462527323,-0.2645176074900985,-0.3317543376902097,0.43160920914217044,-0.29731464757962844,0.2998666544614237,0.20743782144112963,-0.6065976241067432,-0.1527060245596508,0,False,False
2017_BCCS_SP126,-2.526219072248515,2.945004844547181,-0.36821590963328793,1.6291468603053674,1.7932890112779498,-1.2889600360950864,1.69495331250174,0.030734084762129674,-0.2693109056718018,-0.9641115509128756,0.6357280184847507,-0.295560047534808,2,False,False
2018_BCCS_SP126,0.13589262450889678,1.0091586801523758,-0.4695982971445393,1.0183703401454018,1.3684961862550413,-0.8256125977615132,1.305706750926089,0.6174774031774384,1.7397210830034915,0.30158018171957646,-0.35813249558844445,-0.1527060245596508,1,False,False
2019_BCCS_SP126,0.4528711349679297,0.7765315721838612,-0.9141834713629252,0.000611809481232211,-0.4942549090082054,1.026322360565457,-1.337072535561227,-1.1503513606906979,1.1077857536906868,1.9020003064531728,-0.855062752625042,-0.4384140705099652,1,False,False
2020_BCCS_SP126,-0.3824665056358645,1.1745151873945028,-1.0790330224447113,1.1230407223051468,-0.8086280476564705,-0.18143990162342638,-0.13518841560833916,-0.5010051039302307,0.46564224823552947,-0.07498925939421092,-0.35813249558844445,-0.8669761394354369,2,False,False
2021_BCCS_SP126,-0.9573087417445079,1.9090724585881231,0.25451740093042513,-1.4355102997397142,-0.22414003633980353,-1.2791830840932648,-0.21713506015058154,-2.0260732124584466,-1.486159499403694,0.25973913270693344,-0.855062752625042,1.9901043200677075,0,False,False
2022_BCCS_SP126,-1.8854243851007988,2.5305163032906557,-0.07737759053203458,-0.577458443168666,-0.8266424927577779,-1.6832444907901718,-0.7088149274040356,0.8450115244682312,-0.6769110716566649,-1.0687141734444832,-0.855062752625042,0.5615640903161353,2,False,False
2023_BCCS_SP126,1.3619155946733827,0.6673413396748391,0.23884668827498678,1.3064397933257696,-0.5223065997877645,0.4653816345697909,1.688124425456553,-0.427923763176228,-1.3029442543141487,-0.6189228965585705,0.3872628899664519,-0.5812680934851224,2,False,False
2024_BCCS_SP126,-1.440589646931379,1.4757784152369269,0.6045876529381352,0.26722217353782807,1.9290001499177287,-1.306100388145564,2.4802753226982293,1.1359935978158655,1.2566667091954677,0.3120404439727372,-0.35813249558844445,1.1329801822167642,1,False,False
2025_BCCS_SP126,-0.31521497018861705,1.403823394245809,1.7977075082621046,-0.8600620166836738,0.7885110123238042,-0.639550119353154,0.1243092921087616,1.140287324464071,0.3009839969446888,-0.639843421064892,0.13879776144815312,1.4186882281670787,3,False,False
2026_BCCS_SP126,-1.4311303916890599,2.449096601133709,-0.2891217619589829,0.4756795346973084,0.34088210193971763,-1.6219026877926666,2.487104209743416,0.1711506267348712,1.8819823643692533,2.027523453491102,-0.855062752625042,0.13300202139066367,1,False,False
2027_BCCS_SP126,2.3025874828094235,-0.17205166107426256,1.201813045165667,0.8595708258368526,-0.5462545757622269,0.9440516327154188,1.5652044586431897,-1.2504520484665564,0.04462693894062366,0.6990701473396854,0.13879776144815312,-0.4384140705099652,2,False,False
2028_BCCS_SP126,0.6253160285277519,0.9706868307048248,-1.1462709516422636,0.6676251599085149,0.43344589646281023,2.3234760697957233,-1.4668213894197775,0.9481844397086063,0.5702598573210285,-0.09590978390053244,-0.855062752625042,-0.8669761394354369,1,False,False
2029_BCCS_SP126,0.18685092090493163,0.8641439389998057,0.09590151405270324,0.6466196911007723,-0.3466266565005421,1.4643501800206191,0.8891446411696902,1.5771901073947066,-0.04685900462698768,-0.9118102396470718,0.13879776144815312,-0.1527060245596508,1,False,False
2030_BCCS_SP126,2.0627376441519027,0.2808959479911556,0.06293991508626215,1.0761469441313947,-0.9126842404293306,1.941288743090348,-0.442488332641748,-0.3151236842951326,0.2036436533010386,0.5630867380485954,1.1326582755213483,-0.8669761394354369,1,False,False
2031_BCCS_SP126,2.138398061133849,0.15218125864488943,-0.3016476292117363,0.6446161256063937,0.13364050879060774,2.3861639410808753,0.8140268836726348,-0.7529225963718291,0.7428364342054388,0.5630867380485954,0.8841931470030494,-0.295560047534808,1,False,False
2032_BCCS_SP126,2.2815513594220747,-0.07514948620998416,0.8113387831958756,1.4241860002238145,-0.08558446791758742,2.6686010229417327,0.8413424318533822,-0.6017740774527724,-0.16559828751399086,-0.16913161967265777,2.8719141751494397,-0.4384140705099652,1,False,False
2033_BCCS_SP126,-0.7089902926870063,1.6347763976349712,-1.4892828164671974,0.9111018988625351,-0.229295043592821,0.19076031459316206,0.6979358039044581,0.8619041252038488,1.5783334854063606,0.5526264757954347,-0.855062752625042,-0.8669761394354369,1,False,False
2034_BCCS_SP126,-1.9975056376627573,2.149655658225751,-1.3422937325555353,0.7237903732947809,0.00952605709071143,0.18315492262295832,-0.29908170469282386,0.764724059584438,2.319628291541094,0.09237493665636125,-0.855062752625042,-0.7241221164602797,1,False,False
2035_BCCS_SP126,-1.945346945735847,2.276163397807728,-0.6698640457906513,-0.021042780864920414,-0.28975136701577814,-1.5661077050747958,0.2130848236961908,-0.1904426079117486,-0.8498355793793214,-0.3678766024827122,-0.6065976241067432,-0.1527060245596508,2,False,False
2036_BCCS_SP126,0.6092077206488697,0.49211184387711304,-0.10459727178324504,0.987877669837037,0.21377211013970235,1.0043995229074525,0.6569624816333369,0.5071581789389948,-0.19237475907466714,-1.2883796807608592,-0.10966736707014567,-0.8669761394354369,3,False,False
2037_BCCS_SP126,0.4647881114975096,0.49932631959021573,0.4466347166626119,0.3610469860355882,0.5400419127521542,0.8326139321504114,0.5750158370910945,-0.015339553052708838,0.6163871028482245,0.7618317208586499,0.13879776144815312,0.7044181132912926,1,False,False
2038_BCCS_SP126,-0.5225388697414582,1.7341880892671757,0.15712126330490714,-1.5552838426282176,0.9846122626903447,-0.9382918468612985,0.15162484028950904,-0.4764839393153359,0.5137285549722986,0.7932125076181322,-0.855062752625042,1.2758342051919216,0,False,False
2039_BCCS_SP126,1.1387190621725287,0.6236919805564299,-0.2406112250486184,0.5564518500945193,-1.405964577736175,0.7059874288667306,0.07650708279245357,-1.3361681094087778,0.01075683449837768,1.2011627354914018,-0.35813249558844445,-0.8669761394354369,1,False,False
2040_BCCS_SP126,-1.384413065674637,1.5018456654352677,0.3460761974580151,0.46525104831581227,0.1794271836690941,-1.2302356956526446,1.7973866181795428,-0.2288081578068708,0.031498155307794144,-0.6921447323306958,0.13879776144815312,0.2758560443658209,0,False,False
2041_BCCS_SP126,-1.556851109931852,2.379032164846396,0.6629241307745875,-0.4220243592437954,-0.10708442530595226,-1.26038965729681,0.13113817915394846,-1.470510420608446,-0.9731897941460209,-0.11683030840685396,-0.35813249558844445,0.5615640903161353,2,False,False
2042_BCCS_SP126,-2.1457835400266276,2.5565659745389997,0.047612344278628295,0.2230553154691249,0.1938299008829986,-1.5190072786140019,1.4764289270557605,-0.6996840950302312,0.12362089336873752,0.17605703468164735,-0.35813249558844445,-0.295560047534808,0,False,False
2043_BCCS_SP126,-0.7824416990822399,1.5057669244615486,-1.1223963497287002,-0.07423838882701848,-0.937710183160918,0.963270423407687,-1.2482970039737977,0.6756160652175947,1.6270016469899502,0.4480238532638271,-0.855062752625042,-0.8669761394354369,1,False,False
2044_BCCS_SP126,0.1598440467915166,0.9017164763515654,-0.7891479272433748,0.5181088501286686,-0.6968127879958308,-0.7799903685496486,-0.1283595285631523,0.5496548100487209,-0.6227728133161103,-0.30511502896374765,-0.6065976241067432,-0.5812680934851224,2,False,False
2045_BCCS_SP126,0.22185041570632621,-0.5553396587197341,0.15180359110461153,0.15639106336216654,-0.3977513824709018,-1.1410970903292648,0.4384380961873573,1.53523186449672,1.1199846758662628,0.00869283863107517,-0.10966736707014567,0.41871006734097815,1,False,False
2046_BCCS_SP126,0.655271416972064,-1.062576700864496,0.08125029932707929,-0.56398531654292,0.06891950444025526,-1.6150315123449992,0.7252513520852055,-1.096946324009225,0.046231532324624174,0.46894437777014863,-0.855062752625042,0.8472721362664498,0,False,False
2047_BCCS_SP126,-0.21253420143318846,-0.5239852570441574,-1.095040612003366,-0.06656459827520873,-1.0080304582441104,-0.24677778601741532,-0.1829906249246472,-0.17505351740147726,-0.1473845448456704,0.2388186082006119,-0.855062752625042,-0.7241221164602797,0,False,True
2048_BCCS_SP126,1.5689365046431103,-1.5751031209387865,2.4040543823340066,-0.8287573071234207,1.0288184557557267,0.416827175971857,1.2101023322934727,-1.7446888106418479,-1.9124499737942044,0.62584831156756,2.374983918112842,1.8472502970925504,2,False,False
2049_BCCS_SP126,-0.3279456880656532,0.14057782304989339,1.5171354032271052,-3.0488905544663436,3.8818859880255787,-2.7335881416649146,0.2677159200576857,-0.6254230917545669,-0.3486880520914212,0.9919574904281867,-0.855062752625042,2.1329583430428647,0,False,False
2050_BCCS_SP126,0.4087891702200018,-0.6861067067947666,-0.16088070477737504,-0.5034208452441464,0.6561025387714827,-0.5565470435792865,0.19259816256063023,1.1064432880662267,-0.27493012069452777,-0.5457010607864451,-0.35813249558844445,0.2758560443658209,3,False,True
2051_BCCS_SP126,1.7239282702495704,-1.508846684234633,1.1492676811282465,0.4281784391694417,-1.2118572756426877,-0.8260347767249292,1.1827867841127253,-0.47925387755651444,0.5206650196023501,1.8287784706810475,-0.35813249558844445,-0.009852001584493559,1,False,False
2052_BCCS_SP126,1.4371322063010514,-1.0412190437453492,1.8599517332136049,1.3519032868511072,-0.888449090896757,-0.21775407023025561,1.8110443922699166,0.03380228132164095,1.1776771109477309,1.3371461447824917,1.8780536610762446,-0.5812680934851224,1,False,False
2053_BCCS_SP126,0.28257036774037314,-0.5635584735536149,0.15299700074866268,1.2001465306001011,-0.684094847471967,0.4519850290542213,1.0530379302541748,0.9768579454328886,1.1022417528757975,0.6886098850865247,0.6357280184847507,-0.8669761394354369,1,False,False
2054_BCCS_SP126,-0.4147037429502669,-0.4633461182658304,-0.4096605150415205,0.2630448122152675,-1.3142522619317418,-0.5753037827487156,-1.5077947116908985,0.5109080666810493,0.22392010062826592,0.01915310088423593,-0.6065976241067432,-0.7241221164602797,2,False,False
2055_BCCS_SP126,0.6334135245600051,-0.8656986892131278,0.23176802332406118,-0.3655785724517727,-0.9798426947956935,-0.5654893434366097,-0.8795371035337072,-1.0589016095720867,-0.04080162451446176,1.2953050957698486,-0.35813249558844445,-0.7241221164602797,2,False,False
2056_BCCS_SP126,1.0278067572678762,-0.9252953841619261,-0.4153734949904648,-0.5395259308536786,-0.5488589123907383,0.7943768733640441,-1.6990035489561306,-0.7277121673589214,-0.6287159482333673,0.542166213542274,-0.35813249558844445,-0.295560047534808,2,False,False
2057_BCCS_SP126,0.7227693063704794,-1.2404546860291483,-0.362886874961223,0.7213061870877548,-0.664784971741017,-0.045219028114742904,0.21991371074137767,1.0287867427031376,1.901869149440644,0.5317059512891132,-0.6065976241067432,-0.8669761394354369,1,False,True
2058_BCCS_SP126,0.29522456491327165,-1.040414306429476,0.39907836755879705,0.46056186213942724,-1.0366411030268856,-1.3528211830935875,0.5818447241362814,0.5420908673222072,-0.39930619159194886,-0.4410984382548375,-0.35813249558844445,0.41871006734097815,2,False,True
2059_BCCS_SP126,-0.18495147035574253,-0.9064893305366217,0.8143078334678782,-0.16282538468588176,-0.43647757758006234,0.7964429902675273,-0.2239639471957684,0.12958638105015086,0.974213694003512,0.7932125076181322,0.6357280184847507,-0.1527060245596508,1,False,True
2060_BCCS_SP126,-0.25129757217787707,-0.21541626137058137,0.6991665797387346,-1.2224749319899673,0.11131660595845147,-0.4475869199681052,-0.6200393958166064,-0.7501869939615934,0.923616327337676,3.0107881052882135,-0.10966736707014567,0.9901261592416071,1,False,False
2061_BCCS_SP126,0.5991670111628687,-1.3086918152770315,-0.20734042949820441,-1.0991198585398791,-0.04014749176748885,0.6448707531104667,-1.6580302266850095,-0.9370353075195328,-0.9697913923482441,-0.11683030840685396,-0.6065976241067432,0.41871006734097815,0,False,False
2062_BCCS_SP126,-0.49098059717339065,-0.9343919997419105,-1.2084680868227533,0.1024331311625831,-2.113984923072834,0.28359275038803944,-0.688328266268475,0.667687642269637,0.5139755899600271,-0.639843421064892,-0.855062752625042,-0.8669761394354369,3,False,False
2063_BCCS_SP126,0.9986662148972464,-1.5220789174054792,-0.5666922489177578,0.3950457648374631,-1.1119427231901544,0.6277774845694051,-0.5517505253647378,0.057911550177993584,0.38654213564945195,0.7095304095928461,-0.35813249558844445,-0.8669761394354369,1,False,False
2064_BCCS_SP126,0.8038489210918488,-0.8436972833941698,-0.3508117769560924,0.13216979599641743,-1.1713183099048823,0.06360260358777442,-2.1497100939384635,0.8258139148703575,-1.1315886600057696,-0.07498925939421092,-0.6065976241067432,-0.4384140705099652,3,False,False
2016_CMR5_SP126,1.5778867020347331,-1.7191981679711719,2.798243946544368,-1.0503668468014085,-1.3728287715211518,-1.5672686734326309,0.9028024152600639,-3.3022189847439356,-0.28806092080256956,2.4563942058706933,-0.35813249558844445,3.4186445498192795,2,False,False
2017_CMR5_SP126,0.507480698879393,-1.359399989009319,2.8034176492756098,-1.602453072439117,-1.6254366225614174,-0.9340823006478334,0.0013893252953980726,-1.9614539650615561,-2.418173645610382,-0.2423534554447831,-0.10966736707014567,3.132936503868965,2,False,False
2018_CMR5_SP126,0.676088657267299,-0.9459886924880235,-0.19858339998931465,0.5460462625791397,-1.4445494765021027,1.4159561528429823,-0.1488461896987129,0.9165965022001338,0.4402550923826456,0.14467624792216505,-0.35813249558844445,-0.8669761394354369,1,False,False
2019_CMR5_SP126,0.7577029594880385,-1.3415917880715351,0.21840541007375402,-0.37736667455691175,-0.892941987962846,2.086279685393131,-0.2717661565120764,-0.8075368608230392,1.1309435078113734,3.1049304655666603,0.6357280184847507,-0.4384140705099652,1,False,False
2020_CMR5_SP126,0.2483785014678742,-0.5254484668703805,-0.5633665889709419,0.911929176694996,1.2438894683149664,0.5644564309817937,1.2237601063838464,0.6085732011243342,1.1505824374599685,0.6676893605802031,0.3872628899664519,-0.295560047534808,1,False,False
2021_CMR5_SP126,1.61206663726388,-1.8165600152163428,-0.1793853228253827,0.04420600876482679,-0.021938039648552194,1.5336989258768177,-0.7975904589914649,-0.6346671716349055,-0.11879870311372775,1.7660168971620829,0.6357280184847507,-0.4384140705099652,1,False,False
2022_CMR5_SP126,1.3183538086869386,-1.1750274081321554,-0.36483087574084094,0.9472502861123206,-0.7908899296285126,2.476205164434565,-0.8590504423981467,2.2765074678851516,2.67704254515588,0.01915310088423593,0.3872628899664519,-0.8669761394354369,1,False,False
2023_CMR5_SP126,-0.00940045485500657,-0.6908874511958557,-0.07257013214465825,0.1887411543560086,-1.9988795839408042,0.32662589285608556,-0.6746704921781013,0.1065124364972592,-0.3661161827460197,0.19697755918796886,-0.10966736707014567,-0.8669761394354369,2,False,False
2024_CMR5_SP126,1.5781951416005697,-1.873562768480064,2.299462119555691,-0.10243054599312479,-0.6412430722958357,0.8259789592763587,0.34966256459992806,-1.0677162291723454,0.7209147667116833,0.7513714586054892,2.8719141751494397,0.7044181132912926,2,False,False
2025_CMR5_SP126,-0.31239688720234104,-0.20377144774754802,1.305292938197562,-0.20147903339445897,0.1832665388582664,-0.4365847238590309,0.2950314682384332,-1.3740247843139666,-1.4131712410423527,-1.079174435697644,1.6295885325579458,0.5615640903161353,2,False,False
2026_CMR5_SP126,-1.0222390264191616,-0.4069156487442147,-0.33480961175685764,-1.1845528561011598,0.2044903521437356,-0.4827466759878981,-0.9819704092115101,-0.2015593115930192,0.14324971710009607,-0.6503036833180528,-0.35813249558844445,-0.295560047534808,0,False,True
2027_CMR5_SP126,-0.8378587442257681,-0.290872249218145,-1.4028350737217943,1.5130358906718002,1.5211581686136955,0.38529936270585197,-0.5312638642291772,2.3710387094065553,1.018477373649632,-0.901349977393911,-0.10966736707014567,-0.7241221164602797,1,False,False
2028_CMR5_SP126,-1.2603301409047794,-0.48134105730376003,-1.1119854526409525,0.6363031050533013,-1.0646717313466025,0.5100923806862475,0.31551812937399376,0.4785628317540229,-0.4013035386830885,-0.7549063058496603,-0.855062752625042,-0.7241221164602797,0,False,False
2029_CMR5_SP126,-0.17652852197365312,-0.49052837663158283,0.5919574061588764,-0.24729388359812332,-2.027853438646359,0.21071888614242093,0.7320802391303923,-0.436704641854648,-0.4099404794771976,-0.5247805362801237,-0.855062752625042,-0.7241221164602797,2,False,False
2030_CMR5_SP126,0.6879882527707065,-0.8880400942598916,-0.7651176246871073,0.35556763042391204,-0.8615505134234956,0.026573691501093562,-1.67851688782057,0.6589018980038561,-0.25321529210083993,-0.9222705019002325,-0.855062752625042,-0.7241221164602797,3,False,True
2031_CMR5_SP126,-1.318580808850282,0.24100974326137928,-1.2981639140348435,0.5455444045714571,0.9230252741207772,-0.17241538060652098,-0.4561461067321217,1.0082851187475599,-0.36523673589875977,-0.6084626343054097,-0.6065976241067432,-0.8669761394354369,1,False,False
2032_CMR5_SP126,0.22330998001280397,-0.9733840691923585,1.3670329271470045,1.155547412837697,0.7477929683831531,0.39009511643942196,0.103822630973201,0.24829103303416628,0.04326451566263104,-0.09590978390053244,2.8719141751494397,-0.295560047534808,2,False,False
2033_CMR5_SP126,0.3269584153048481,-0.3843993863945586,0.2132359588184882,0.9211741014006914,-0.24734911524378342,1.230731614391483,0.6842780298140844,-0.3687966072626661,-0.4588330344471102,-1.0582539111913225,0.8841931470030494,-0.5812680934851224,2,False,False
2034_CMR5_SP126,-0.7299591750706289,-0.20232978871518303,-0.6201469327757938,0.7110693528850776,2.5633409838723558,0.7471102651485344,0.22674259778656453,0.8402040836328702,2.287992977103702,0.0819146744032005,0.6357280184847507,-0.4384140705099652,1,False,False
2035_CMR5_SP126,-0.27418256539817165,-0.45089723939889786,1.6871885934361892,-0.17496200047002522,0.9569569197357909,-0.6631277241236464,1.688124425456553,-2.3576143243662924,-2.728317155574082,0.584007262554917,2.126518789594543,1.1329801822167642,2,False,False
2036_CMR5_SP126,-0.48655484291617845,-0.49487989640601765,1.1485659061610018,-2.666397050569389,1.5047042671661963,-1.418905008682569,-0.6473549439973538,-1.1486548978438014,-0.4756115694277468,-0.001767423622085591,-0.855062752625042,1.4186882281670787,0,False,False
2037_CMR5_SP126,-1.1919200422268563,-0.4680703679815812,-0.7031140883364535,-1.239121943642074,1.081094865859028,1.1405880120266132,-1.3917036319227218,0.6477592513093939,-0.6319172676943619,-0.12729057066001473,-0.10966736707014567,-0.4384140705099652,1,False,False
2038_CMR5_SP126,-1.0902976012079881,-0.05202285737973823,0.08980368087925125,0.39932577704266187,-1.3795969015619294,0.06472362854253119,0.65013359458815,0.3047332005592632,-1.51797826927098,-1.2779194185076983,-0.35813249558844445,-0.7241221164602797,2,False,False
2039_CMR5_SP126,-0.004354801881198998,-0.8461343796355603,-0.005766664607108574,0.31232501846241256,-1.275244287442336,0.5199401909534354,-0.8795371035337072,-0.8901923745756142,-1.712785254744971,0.5212456890359525,0.13879776144815312,-0.8669761394354369,2,False,False
2040_CMR5_SP126,-0.04331724429412951,-0.521610374566021,-0.30385638897425243,1.354339129967812,0.2462692042566683,1.0017243685833876,0.41795143505179666,-0.48735403093142216,-0.9477689082050218,-0.5875421097990882,0.8841931470030494,-0.8669761394354369,2,False,False
2041_CMR5_SP126,-0.9210799812331957,-0.00903409784575008,-0.7009955427454019,0.062267475859562105,0.541241656811074,-0.47975024554894635,-0.7975904589914649,1.305363337238468,0.35498274621548626,-1.2360783694950555,-0.35813249558844445,-0.7241221164602797,3,False,False
2042_CMR5_SP126,0.6171180024078228,-0.89929344813076,-0.23395124962965377,0.5984568028538646,-0.11928221653001349,0.42822780275957467,-0.4561461067321217,-1.9285549519485798,-2.182928683124115,-0.8281281416217857,0.3872628899664519,-0.5812680934851224,2,False,False
2043_CMR5_SP126,-0.9625286468703504,-0.2563971001327133,-0.017918296886604134,-0.9848126467735736,0.3923974158605337,0.10938907556594757,-0.6746704921781013,-0.8276426756939098,-0.3153449120654384,-0.4515587005079983,0.3872628899664519,-0.009852001584493559,0,False,False
2044_CMR5_SP126,-0.1945885128741265,-1.0738488136420112,0.4358633484274861,-1.7824095346945599,0.16886140143602563,-1.2121397086723822,-0.8249060071722123,-0.01249310678681761,-1.4483954839936637,-0.3678766024827122,-0.855062752625042,0.5615640903161353,0,False,False
2045_CMR5_SP126,-0.6065013044066192,-0.21006513087675963,-0.785503352353869,-1.1883452515394375,2.0959104205681203,-0.7104784629514102,-0.6610127180877275,-0.029083956657894445,1.1696991401116492,-0.46201896276115906,-0.6065976241067432,0.13300202139066367,0,False,False
2046_CMR5_SP126,-0.062013631156483236,-0.23857214827657758,-0.34231970547226764,-1.374516821258589,1.4508542677240683,-0.27272609410789733,-0.7497882496751568,-0.39089145509311923,-0.9610070934291374,-1.8113927934188971,-0.855062752625042,0.5615640903161353,0,False,False
2047_CMR5_SP126,-1.010764603220796,0.03043915168369221,-1.4223834151881483,1.0539842385822342,0.4956439338173372,-0.37847477316241557,-1.0229437314826313,0.9310162098205815,0.13630629979951073,-1.1419360092166084,0.3872628899664519,-0.8669761394354369,2,False,False
2048_CMR5_SP126,-0.36106530705093126,-0.9744280514198267,-0.7505879701607676,0.6123697600203093,-1.616833366751231,-0.4060408260134589,0.30186035528362004,-1.9774245916584208,-1.001799745752349,1.7137155858962791,-0.855062752625042,-0.8669761394354369,2,False,False
2049_CMR5_SP126,-1.7129850888206244,0.3593795860342062,0.004850499703774573,-0.9819914838175201,-0.024591142384315555,-0.35725022007868135,-1.0980614889796867,0.6213099357821903,-0.6356523349525125,-0.5980023720522489,0.13879776144815312,-0.009852001584493559,2,False,False
2050_CMR5_SP126,-0.952502888012822,0.28021565863648873,-1.189104080274643,2.172011777931146,1.4420289003784317,0.49858680688274193,0.27454480710287255,0.20911339376294633,-0.44291700880438,-0.5352407985332844,0.6357280184847507,-0.8669761394354369,1,False,False
2051_CMR5_SP126,-0.9898186991429028,-0.6832236281623101,-1.4588183994827684,-0.46396018421117535,0.31353384613120866,-0.43150806987374163,-1.2687836651093582,1.1144309199267446,1.3296153409127978,-0.817667879368625,-0.6065976241067432,-0.8669761394354369,1,False,False
2052_CMR5_SP126,-0.06286139807194223,-0.738580053154972,0.5920353388394547,-0.9114488782522066,1.2540247106883868,-0.47549913077084116,-0.23762172128614212,-0.5669311230771973,-1.1898608216325313,-0.07498925939421092,0.6357280184847507,0.2758560443658209,2,False,False
2053_CMR5_SP126,0.0432737023348153,-0.7632864758965567,-0.033886792204597956,1.186605897306362,-0.386933723287088,1.0945650063026562,-0.08055731924684428,1.0612986328566698,0.6618266737475682,-0.42017791374851604,1.381123404039647,-0.8669761394354369,1,False,False
2054_CMR5_SP126,0.513792589067915,0.04412825526422926,0.06244730335728992,-0.8299676696370002,-0.8680796407644767,-1.08979068321023,0.5203847407295996,-1.3494061413170764,-1.664584060882216,-1.02687312443184,-0.855062752625042,0.2758560443658209,2,False,False
2055_CMR5_SP126,-1.376918676520318,1.528246380252912,-0.44716980263383405,-0.08591733094491197,-1.1009128894490647,-0.17646205056592262,-1.0229437314826313,0.5878967070694433,0.38558383227869986,-0.26327397995110463,-0.855062752625042,-0.4384140705099652,0,False,False
2056_CMR5_SP126,1.2157757794717385,-0.18866327860387266,0.25103213291984766,-1.3933710603490137,1.3749256050254244,-0.7177783062632659,0.18576927551544337,-0.016574481046373244,0.22019064588783482,0.7199906718460068,-0.855062752625042,1.2758342051919216,0,False,False
2057_CMR5_SP126,-1.572949843516665,1.6668894713115556,-1.0306839420460059,1.9000566128965164,0.4080079479872115,0.0913431504364913,0.8071979966274478,1.480773050773622,-0.4997207876278468,-1.215157844988734,0.13879776144815312,-0.8669761394354369,1,False,False
2058_CMR5_SP126,0.5751017284292325,-0.22270909157991936,-0.023541859849587926,0.1841996218777981,-1.0348064001940318,-0.26261258702372875,-0.4356594455965611,0.3394106239281939,0.8738783351245533,-1.2883796807608592,-0.6065976241067432,-0.295560047534808,2,False,True
2059_CMR5_SP126,-0.8019952798573853,0.6497878124243107,-1.9686792900509809,1.3304177775511978,0.5050615766857781,0.6161125830269729,-0.9000237646692678,1.5850390055482302,-0.3195923698264162,-1.382522041039306,-0.6065976241067432,-0.8669761394354369,3,False,False
2060_CMR5_SP126,0.9239043822377115,-0.35426917655838935,0.7437169405614557,-0.9532665621569321,1.54762662776233,1.8476746473587664,-1.3985325189679088,-0.07586513818800676,-0.700958177013646,-0.30511502896374765,0.3872628899664519,0.7044181132912926,0,False,False
2061_CMR5_SP126,-0.6767823674422291,0.6025082134922218,0.6172157612151901,-0.05353413810024181,-0.5028891506406317,-0.929839546065805,0.3428336775547412,-0.07731202648827966,-1.0402154076219687,-1.16285653372293,-0.855062752625042,0.7044181132912926,2,False,False
2062_CMR5_SP126,0.12569828442739808,0.06392938899423065,-0.059332586226059074,-0.5062310819386622,1.6141155343775562,0.6379254814959205,0.13796706619913532,0.6714049668439996,1.1401591480250377,-0.43063817600167675,-0.35813249558844445,0.7044181132912926,1,False,False
2063_CMR5_SP126,0.8544339673160205,0.36528624121319425,1.4878965276787197,-0.5775825447443551,-0.9085197655011502,-1.3459123362968661,0.21991371074137767,-1.4857811309937856,-1.3122905500830733,0.584007262554917,-0.6065976241067432,1.9901043200677075,2,False,False
2064_CMR5_SP126,0.2389674122895601,0.22959315515206707,2.131154512442036,-0.38008274188423513,-0.9147751207345804,-0.4997943993631632,1.5583755715980028,-0.133745953504427,0.33573902080185,-0.37833686473587297,-0.6065976241067432,2.418666388993179,0,False,False
2016_ECE3_SP126,0.0379618839858735,0.9304547663805524,-0.9055130425136887,0.08657818958652039,-1.4724735604917971,-0.5576927158983036,-1.1936659076123028,-0.48501420216770635,-0.6064821504727116,-0.8281281416217857,-0.855062752625042,-0.5812680934851224,2,False,False
2017_ECE3_SP126,0.3935998472747233,0.3108896427451087,-1.238126925938999,0.11480922242891588,0.20435845187955903,0.31008692183681674,-0.34688391400913193,-0.1730150956765059,0.6302397823698651,-0.054068734887889394,-0.855062752625042,-0.4384140705099652,1,False,True
2018_ECE3_SP126,0.8419202176723047,-0.03572938645666714,-1.6686025980834733,-0.21117817890755117,-0.07395139318123016,1.6043272066000225,-1.2209814557930503,-1.1326391599458434,-0.9202010356146254,0.1865172969348081,-0.855062752625042,-0.7241221164602797,0,False,False
2019_ECE3_SP126,-0.8661730986667809,1.216777195626965,-0.9642865408806552,-1.0632492692451243,-0.23083408719674317,-0.566730291687765,-0.29908170469282386,0.37587321493629533,-1.486250946615604,-1.4139028277987882,-0.855062752625042,-0.295560047534808,0,False,False
2020_ECE3_SP126,-1.0573254263513343,1.0590354280398875,-0.16502839689284804,-0.8236226124198297,-1.0533425650449786,-0.36750154328820106,-0.6268682828617933,-0.38251912665780574,-0.11284397952192493,-0.11683030840685396,-0.855062752625042,-0.4384140705099652,0,False,False
2021_ECE3_SP126,0.6465854700966875,0.07154091964141052,-0.37764775173655035,0.5054185301148981,-0.5600469842448501,-0.7787345425517164,0.6774491427688974,-1.4201848912994226,-0.5281990486916136,1.1279408997192766,-0.6065976241067432,-0.7241221164602797,2,False,False
2022_ECE3_SP126,-1.3046739257712539,0.9158079877571776,-1.1027256192894523,-1.4747180613575799,0.6604116103966663,-0.9668156214320864,0.14479595324432218,1.1169346902568216,-0.21902246511130974,-0.8281281416217857,-0.855062752625042,0.41871006734097815,0,False,False
2023_ECE3_SP126,2.927193806249999,-0.7752263064543901,0.3599577401814295,0.7431560683206129,-0.14956911942047285,1.5788864745411018,0.8003691095822609,-0.5146500031448691,-0.24476789733891596,-0.07498925939421092,1.1326582755213483,-0.4384140705099652,2,False,False
2024_ECE3_SP126,0.5622018401409029,0.04685672770595681,-0.9757632978562722,-0.7117747023329839,-0.12025084758599988,1.5150839397162947,-2.2658011737066404,-1.6729886987719382,-1.6157088249763945,-0.37833686473587297,-0.6065976241067432,-0.7241221164602797,2,False,False
2025_ECE3_SP126,0.49251239483026693,0.44645109620493895,-0.9725428282059325,0.6331273089183278,-0.5351655689652555,0.09669708740119798,0.20625593665100395,-0.5222935784883844,-0.7411150780318287,-0.7130652568370173,-0.855062752625042,-0.7241221164602797,2,False,False
2026_ECE3_SP126,-0.40366598120971214,0.6158966802623196,-1.027934044989747,-0.025687835801803983,0.5176596600617587,-0.3700062864604367,-0.14201730265352605,0.4543189988324022,-0.3802531596501741,-1.037333386685001,-0.855062752625042,-0.009852001584493559,0,False,False
2027_ECE3_SP126,0.3759488996761762,0.41767507471331067,-1.033803101904808,1.3308666119176984,0.04236619311654604,0.7502301020003213,-0.3127394787831976,1.228961103802064,1.0651931521332205,-0.3678766024827122,-0.35813249558844445,-0.5812680934851224,1,False,False
2028_ECE3_SP126,-2.224377888953168,1.8013159648362636,-0.8071628833918089,-0.3133087093123911,-0.9726221705496287,-1.235527490659152,-0.34688391400913193,0.8014054346347025,-0.9199133968662895,-0.4724792250143198,-0.855062752625042,-0.009852001584493559,2,False,False
2029_ECE3_SP126,-0.9426760535267046,1.0510460437184828,-1.8198715259239624,0.8595087994785023,-0.6207209118757585,0.0940359989600078,-1.3917036319227218,0.0064615748090630955,-0.5102536801801443,-1.16285653372293,-0.6065976241067432,-0.8669761394354369,2,False,False
2030_ECE3_SP126,0.23452309863152912,-0.46150925853251723,0.005888583048656568,-1.41300035977371,-1.562900742062538,-1.0365121339983079,-1.2756125521545452,-0.37470858543817886,-1.6874422912564535,-0.7967473548623034,-0.855062752625042,0.7044181132912926,2,False,False
2031_ECE3_SP126,0.3010941963642377,0.13520562405086017,-0.5913171179981901,0.3692639412443369,-0.21129883021989546,1.5029515235452537,0.25405814596731197,0.49302459469763926,1.3586364645926712,0.06099414989687897,-0.6065976241067432,-0.295560047534808,1,False,True
2032_ECE3_SP126,1.8885031677339277,-0.7477612651214298,1.3000344963849915,0.2870800540537682,-0.14919759958343887,0.6691636525549501,1.6608088772758056,-2.07346506327898,-1.8040821911539262,-0.5666215852927666,1.381123404039647,0.5615640903161353,2,False,False
2033_ECE3_SP126,-0.1401951807118296,0.746980557498188,-0.021946546072024287,0.5377421507308388,0.2379827117586387,-0.19903933836160143,1.100840139570483,-1.115118631523865,-1.841437695573247,-0.5038600117738021,-0.6065976241067432,-0.009852001584493559,2,False,False
2034_ECE3_SP126,0.155193885811151,-1.2373866500439272,2.7879765587301604,-2.414008837002711,1.399345024937609,-1.41626920738013,0.7115935779948318,-0.23370108760774436,-0.6223852767897713,-0.817667879368625,0.13879776144815312,3.704352595769594,0,False,False
2035_ECE3_SP126,-0.030562075143065956,-0.7441067901487204,-0.48258806860341463,-0.006620788662658853,-0.05575981537667267,0.41729990011967716,0.13113817915394846,0.8499202710095337,0.690515163613797,0.48986490227647017,-0.10966736707014567,-0.295560047534808,1,True,True
2036_ECE3_SP126,1.2900377603323767,-1.7078483705797058,2.5897259834082202,-1.8690977250805862,2.941029828380708,-0.4520465688229464,1.7632421829536087,-1.0683340471740206,-0.2768345948112918,0.7304509340991676,0.13879776144815312,1.8472502970925504,0,False,False
2037_ECE3_SP126,0.7481685092130557,-1.6415731409272076,2.8926403246924175,-0.13096747679910106,-0.7611416959496405,-0.6326984305580423,1.845188827495851,-1.4650249975358671,-0.6949819733086369,-0.20051240643214005,1.1326582755213483,2.847228457918651,2,False,False
2038_ECE3_SP126,0.2789227089972842,-1.4810953456830291,-0.20820062997055047,-2.3128114504153703,3.5550793116439805,0.9009855620191402,-0.7634460237655305,-0.7856342900266114,-1.6982482363982465,-0.7862870926091426,-0.35813249558844445,1.5615422511422359,0,False,False
2039_ECE3_SP126,0.9701369543786351,-0.9380100937659758,0.43080220388558815,0.6056625733436517,-1.0095148777196667,-0.4054953809346523,0.8959735282148771,0.4731455314284575,0.19464978181501816,-0.26327397995110463,-0.855062752625042,-0.295560047534808,3,False,True
2040_ECE3_SP126,0.38568389458770547,-1.6447525231864242,-0.8993789964386945,-0.6940367702715297,-0.3778507492319727,0.21854768383841297,-1.0639170537537526,-0.1369010731449263,0.2624527874817554,1.065179326200312,-0.855062752625042,-0.1527060245596508,1,False,False
2041_ECE3_SP126,-0.8930344435102682,-0.8665474833014678,-0.5265610905197656,0.45906698176183014,-0.02009484178798655,-0.21162682889107634,-0.04641288402090996,0.9628478021908299,-0.26877486770489417,-0.8072076171154642,-0.35813249558844445,-0.295560047534808,3,False,True
2042_ECE3_SP126,0.31167187645057504,-1.4858466568821174,-0.022036129528880292,0.13459392940560178,0.28686206915865403,0.31453733472708056,0.9301179634408113,-1.065273438156055,-0.7052171335194799,-0.04360847263472863,-0.35813249558844445,0.2758560443658209,0,False,False
2043_ECE3_SP126,2.3173064133222647,-1.898992733247764,4.253128528246815,-2.004972746519753,-0.27089465830343995,-1.7747370569619592,0.4247803220969835,-1.1688376995318726,-2.582003438760983,-0.25281371769794386,-0.10966736707014567,5.704308917421796,2,False,False
2044_ECE3_SP126,-0.2019099755479783,-1.0095516513252345,0.24295676669596006,-0.7481465283374796,1.5645669765298438,0.9660012422401636,-0.38102834923506623,1.0928380652923637,0.36941636062406835,-0.4829394872674806,-0.35813249558844445,0.7044181132912926,3,False,False
2045_ECE3_SP126,1.0179497269312494,-1.6324958811470083,0.23786747700320912,0.7196128241857074,0.41756038532564566,-0.2288142026049719,2.0432265518062698,-2.0761666020537053,-1.2507877217114742,0.43756359101066633,0.13879776144815312,0.2758560443658209,2,False,False
2046_ECE3_SP126,0.5742639040499216,-1.2439527823049537,0.27231713898750926,-0.8447587690576536,-0.20233699785189657,-0.012466709424048398,-0.2239639471957684,-0.8992475086112871,-0.6802334517990319,-0.8281281416217857,-0.855062752625042,0.7044181132912926,0,False,True
2047_ECE3_SP126,-0.9560588544781502,-0.6021435784511846,1.189710050125844,-0.94071011088113,-0.15513594286212015,-0.6013946941012704,-0.3400550269639451,0.2560638024269606,0.5109824381435166,-0.3155752912169084,-0.35813249558844445,1.9901043200677075,0,False,False
2048_ECE3_SP126,0.9595766553184735,-1.5323603707447186,0.6948175914837482,0.29592416500889507,-0.2820332185348546,-0.23429848218813368,0.6706202557237106,-2.123269317249441,-1.4665887815113365,0.6990701473396854,-0.10966736707014567,0.13300202139066367,2,False,False
2049_ECE3_SP126,-0.27653695795788397,-1.0532764923531723,-1.4722656407380792,0.2636534089521823,0.6923445076213092,0.5537693623546485,-0.49029054195805605,0.05597986524926229,0.3693297386464102,-0.43063817600167675,-0.35813249558844445,-0.8669761394354369,1,False,True
2050_ECE3_SP126,0.04262935234399774,-0.8471715727832516,-0.21267716112688645,-0.4781830483593014,-0.06726182813233479,-0.14471090563553635,0.11748040506357474,0.08094227522565381,0.17538496995816985,-0.7130652568370173,-0.6065976241067432,-0.1527060245596508,0,True,True
2051_ECE3_SP126,0.05017684200623912,-1.0567179417039494,1.026673222610998,-0.9576318068890946,0.10194354094076694,-0.07541663662623743,0.1789403884702565,-1.04899121189533,-0.4204073248869191,0.5944675248080777,0.13879776144815312,1.5615422511422359,0,False,False
2052_ECE3_SP126,0.6966795023320724,-1.2205672139920423,0.21481955841139794,1.4206061354592239,0.9603702006967887,0.5946593407382424,1.3808245084231443,2.0442651055319585,1.8535656870183854,0.2911199194664157,1.381123404039647,-0.4384140705099652,1,False,False
2053_ECE3_SP126,0.21611364599758712,-1.3587788375556544,0.5437892123060084,1.0964392127670464,0.623465999623136,0.3664063199374497,2.1729754056648205,-1.084609412752996,-0.41792042276739605,0.5630867380485954,0.3872628899664519,0.8472721362664498,0,False,False
2054_ECE3_SP126,0.6457125890713669,-1.4495034360447987,0.5732181629464066,-0.41677370370852057,0.9397200359689651,0.05579844921003993,0.6023313852718419,-0.979552430194052,-0.5775514707759047,0.19697755918796886,-0.35813249558844445,0.2758560443658209,0,False,False
2055_ECE3_SP126,0.29255584091441345,-0.8983539542429759,-0.030181417518817585,-0.253190729027952,-0.4158428829146178,-0.04773125693749062,-0.1693328508342735,0.97557747409388,-0.06984133005486087,-0.723525519090178,-0.6065976241067432,-0.009852001584493559,3,True,True
2056_ECE3_SP126,0.15565389381685735,-1.0110443595373872,-0.7320459942033772,-0.2083682044104299,-1.2170660570013425,0.34457882724898947,-0.7702749108107174,1.16997338357315,0.8675377470450094,0.33296096847905876,-0.855062752625042,-0.5812680934851224,1,False,True
2057_ECE3_SP126,0.8410916729933041,-1.089938668727566,0.25771870957443394,0.6749926916158665,-0.8759913534881254,0.6416087133594255,0.5135558536844128,0.77001485539274,1.0102388795460815,0.24927887045377267,0.13879776144815312,-0.5812680934851224,1,False,True
2058_ECE3_SP126,0.3257432164423275,-0.9290316110297223,0.6993474110656089,-0.23028280612381874,-1.1410890256414903,0.7452071030941023,-0.18981951196983407,-0.7253982597422927,0.30227760726498515,0.6467688360738816,-0.10966736707014567,-0.295560047534808,2,False,False
2059_ECE3_SP126,0.4102823918525043,-1.0474621155976982,1.226717021064833,0.6012902270865683,-0.13271140871692486,0.6537353994259486,-0.1693328508342735,-0.29015510053457266,0.43255564477239195,1.2220832599977234,0.6357280184847507,0.13300202139066367,1,False,False
2060_ECE3_SP126,-1.2400747643744978,-0.2645726156840966,-0.79549838739666,2.047671133041377,0.8386206474241171,-0.397198005491555,1.9817665683995882,2.2599428030625304,0.42639174362109167,-1.0582539111913225,-0.35813249558844445,-0.8669761394354369,1,False,False
2061_ECE3_SP126,-0.5909557440735747,-0.8682042826309664,-0.5233868962549251,0.5000538649119636,-0.4624237198673803,-0.032043916428042045,-0.19664839901502093,-0.2606120510887719,1.3920661136252517,0.887354867896579,-0.6065976241067432,-0.4384140705099652,1,False,True
2062_ECE3_SP126,1.2314728345962394,-1.5038686517000348,1.437650613388324,-2.5801761395749927,1.61958053724272,-0.6141135715117138,-0.8180771201270254,0.43999730493673944,0.1667262956756921,0.2911199194664157,-0.855062752625042,3.132936503868965,0,False,False
2063_ECE3_SP126,-0.6337647696010051,0.3794981634639666,-1.1728062902342842,0.09499921774124255,-1.0757837052465702,-0.5233502316734395,-1.0092859573922577,-0.933594457335986,0.8797032828575484,1.3371461447824917,-0.855062752625042,-0.7241221164602797,1,False,False
2064_ECE3_SP126,2.7240178591296327,-0.9968555021125103,1.4152480241366319,-1.221588718023882,1.05945119019592,-0.4845146999955194,-0.08055731924684428,-1.2001378284624684,-1.5041392914622111,0.6467688360738816,-0.10966736707014567,0.9901261592416071,0,False,False
2016_MEHR_SP126,-0.37728504498313,0.4783143808127189,1.2652424360016914,-1.3337569972057828,-0.05759107883897491,-2.005976208478673,1.5174022493268815,0.35149746525721265,0.7487057642004336,-0.19005214417897928,-0.855062752625042,3.132936503868965,0,False,False
2017_MEHR_SP126,-0.6869823784517926,0.8769150304074247,-0.538092903246933,-0.9257399087972307,1.03369623137004,0.006947153849527966,-1.282441439199732,0.6157963152246666,1.6205918258035081,0.7827522453649715,0.3872628899664519,-0.009852001584493559,1,False,False
2018_MEHR_SP126,-0.5403342418835091,0.013517260506118517,-1.4457614202535682,-0.18858755000289132,0.49178060606856683,-0.3235007334572285,-1.289270326244919,0.6610086664150165,1.1720787055905217,-0.38879712698903374,-0.855062752625042,-0.5812680934851224,1,False,False
2019_MEHR_SP126,0.21737266566752167,0.5518081934288039,0.32331356564500713,-0.05634058977132108,0.8304924530968683,-1.1543177120948849,0.43160920914217044,-0.4072555164163253,0.07294781458279978,0.5735470003017562,-0.10966736707014567,0.41871006734097815,0,False,False
2020_MEHR_SP126,1.4420171584314057,0.11037555846286018,0.0962207962762533,0.6779413886225814,0.2802545572865729,-0.14781328383329065,0.09016485688282729,-0.05295592992161055,-0.2592388736316352,-0.17959188192581851,-0.35813249558844445,-0.295560047534808,2,False,False
2021_MEHR_SP126,-0.40115147699377224,0.802072929605141,-0.9680647657190568,-0.2619987108283369,0.15826933132283294,-0.7943568610558442,-0.8658793294433335,1.257838969473343,1.2548421618448728,-0.07498925939421092,-0.35813249558844445,-0.5812680934851224,1,False,False
2022_MEHR_SP126,-0.15937374375305474,0.32532338445956527,-0.8017236878004255,1.6295397403398284,-0.6287284538750253,0.24199607429488987,0.3223470164191806,1.4179431202995252,1.3227060597802902,-0.43063817600167675,-0.10966736707014567,-0.8669761394354369,1,False,False
2023_MEHR_SP126,1.8475295343793723,-0.558742728484014,-0.49677454120231035,0.02318790910517303,-1.0718944817655602,0.7261401747597214,-1.4736502764649642,-0.13081141695946888,0.6780113992149677,0.5526264757954347,-0.6065976241067432,-0.7241221164602797,1,False,False
2024_MEHR_SP126,-0.6050984493804035,0.6057662696854984,-0.052784711188894155,0.23562544593649826,1.0214941807030065,-0.6192087273158812,0.02187598643095866,-1.7776769922595137,0.3711334338535518,7.132131433033554,0.3872628899664519,-0.009852001584493559,1,False,False
2025_MEHR_SP126,1.8703326305611225,-0.405540485781887,1.1573133699369635,0.6692990002322688,0.693233361128839,0.8365986948135692,0.11748040506357474,-0.48578426185677426,1.1431736085162432,1.0547190639471513,1.1326582755213483,-0.009852001584493559,1,False,False
2026_MEHR_SP126,0.3152094308119186,0.031443216345795735,0.5627627255269655,-0.1556196679997729,0.7750004488048745,0.7929082659211774,0.19259816256063023,0.6990361473383341,0.8568673040796894,0.4061828042511841,1.1326582755213483,0.2758560443658209,1,False,False
2027_MEHR_SP126,-0.3953654364947988,0.8920844170119092,-0.9762108241576752,1.4766710284520441,-0.7355409788755136,0.6927019254681714,0.19259816256063023,-2.110002621881764,-1.9777258207189352,0.5944675248080777,-0.855062752625042,-0.8669761394354369,2,False,False
2028_MEHR_SP126,-0.8612885884269192,1.021262835888272,-0.771904446695314,-1.7460955441948822,0.5667110652756748,0.04804363605252552,-1.931185708492484,0.5804455113044968,0.785539661420345,0.14467624792216505,-0.855062752625042,0.41871006734097815,0,False,False
2029_MEHR_SP126,-1.084492412120876,1.7226489678819323,-1.0569965517069375,-0.9442120358494596,-0.7852587313568749,-0.28328739210697035,-1.6033991303235147,-1.0537455851801332,-1.3696078537845842,-0.158671357419497,-0.855062752625042,-0.4384140705099652,2,False,False
2030_MEHR_SP126,1.395007669151096,-0.059360447834038585,0.24855454999186852,-0.3373427537321884,-0.062463064307661395,0.10102283764310409,0.6979358039044581,-0.3673187949992377,0.7960960802415749,0.8455138188839361,0.3872628899664519,-0.009852001584493559,1,False,False
2031_MEHR_SP126,0.6369811274750306,0.7824310663494656,1.3167337836083657,-0.5789937228550676,-1.7868879329284129,-0.6679361884768827,0.02870487347614552,0.14595187573482252,0.2336005887148764,0.5735470003017562,-0.35813249558844445,0.7044181132912926,2,False,False
2032_MEHR_SP126,0.4750003481441875,0.154217617104085,-0.5755265327151543,1.2577523716069041,0.9312439636206711,1.3300838508654902,-0.21030617310539465,0.6108164789308888,0.08494452126563594,-0.43063817600167675,0.8841931470030494,-0.8669761394354369,1,False,False
2033_MEHR_SP126,-0.0042934527506844535,0.02040351717779971,-0.1868691363799953,0.6918572865367661,-0.12859316004669166,1.0661498676289,0.2608870330124988,1.6952253901284,0.27752769081318357,-1.3093002052671807,1.381123404039647,-0.8669761394354369,1,False,False
2034_MEHR_SP126,0.11022872925958499,-0.4154693795962559,-0.3101621393239704,1.1617188084677241,0.49690474508622406,0.8916312083075043,-0.15567507674389977,1.4793404040995708,0.5803174730225812,-0.4829394872674806,1.1326582755213483,-0.5812680934851224,1,False,False
2035_MEHR_SP126,-0.019156439565051194,0.2001284062310775,-0.7877766616086276,0.5614105204180495,0.9580837297599409,0.46959303264697305,-0.6200393958166064,0.7854114550281391,0.42399982934373603,-0.09590978390053244,-0.10966736707014567,-0.5812680934851224,1,False,True
2036_MEHR_SP126,0.42220098864731365,0.08616619667256292,0.559601490628157,0.09842529741003922,1.9334438109367849,0.11888343679196378,-0.03275510993053624,-0.1142523581560624,-1.1773805599582579,-0.3155752912169084,2.6234490466311406,0.5615640903161353,2,False,False
2037_MEHR_SP126,-1.8532531367671634,0.44468142200202326,0.006093731241115913,-0.7316037968628837,0.48912461179667854,-0.85213575870341,-0.4083438974158137,1.251562477146212,1.059961167131457,-0.09590978390053244,-0.6065976241067432,0.2758560443658209,1,False,False
2038_MEHR_SP126,-0.7344643959685846,0.8519970890849237,-0.3506450318077849,0.25167836786199205,0.6090462675911489,1.631845625357823,-0.7361304755847831,0.6418146451218376,0.24021643351887337,-0.5457010607864451,1.1326582755213483,-0.8669761394354369,1,False,False
2039_MEHR_SP126,-2.1600784029606497,1.4713416769994125,-0.845074057526118,0.05370541165494817,0.4793818704023061,-0.42939449461592005,0.07650708279245357,0.29706338587901143,1.1520355924829664,0.43756359101066633,-0.6065976241067432,-0.1527060245596508,1,False,False
2040_MEHR_SP126,0.7205147810627095,-0.14302172164697932,0.5571637056692644,0.7553901193755436,-0.45542596195425367,1.0320319450965219,0.5886736111814682,0.5683870929075985,0.9181560727815024,-0.23189319319162233,1.6295885325579458,-0.7241221164602797,1,False,False
2041_MEHR_SP126,-1.1899292518964266,1.3539075894291317,-1.4462329094028838,-0.018842500128302263,0.15242925299532317,-0.05238762970047239,-1.3029281003352926,-0.34158980053788945,0.841682725386504,0.7199906718460068,-0.855062752625042,-0.7241221164602797,1,False,False
2042_MEHR_SP126,-1.4908051990529552,1.0299797473384755,-0.8820204934408953,0.018713324785291675,-0.8002157648476993,-0.9873994122045929,-0.31956836582838444,1.1271923715874101,0.2442340399160577,-0.817667879368625,-0.6065976241067432,-0.7241221164602797,3,False,False
2043_MEHR_SP126,0.6450164642442014,0.8835276247012886,0.205155826205307,-0.13132059342193733,-0.39829343197831146,0.24274830158675983,-0.8522215553529597,-0.13618089986383186,-1.3016244833954604,-0.3260355534700692,0.3872628899664519,-0.7241221164602797,2,False,False
2044_MEHR_SP126,0.09954322789237473,1.0476628311685383,0.21132516297149065,1.792299733415332,0.8534562841184823,-0.9701229916915356,1.4217978306942656,1.0160461814753385,0.3521378561855099,-0.7026049945838565,1.381123404039647,-0.5812680934851224,2,False,False
2045_MEHR_SP126,0.8075449668441905,0.756169851458452,-0.7760939474836778,0.21195064326611956,-0.08519125640242359,1.2354925972327313,-1.1117192630700605,0.7858325458645986,0.5128411130316636,-0.054068734887889394,-0.10966736707014567,-0.7241221164602797,1,False,False
2046_MEHR_SP126,-1.7719345329362401,2.2745775654766973,-0.12273515765615654,-0.4503385367520814,0.3103938340196111,-0.5861143633463773,-0.6473549439973538,-0.7457390961299433,1.9192080884498888,3.7220859385031453,-0.6065976241067432,0.2758560443658209,1,False,False
2047_MEHR_SP126,0.2740776006600232,1.570271896106268,-0.7463743697940369,0.06834078819511118,-0.9697844998689507,-0.8052497551731199,-0.04641288402090996,0.9389330392041236,0.6271582098626665,0.34342123073221953,-0.855062752625042,-0.5812680934851224,1,False,False
2048_MEHR_SP126,0.36812508115750536,0.9924762366829301,0.4617272490824919,0.5453570793055056,0.42137907550853126,-1.7777594293839085,1.1896156711579122,0.7354539821812,0.23309524502398007,-0.8072076171154642,0.3872628899664519,0.9901261592416071,2,False,False
2049_MEHR_SP126,-0.8516072095621211,1.9816983164018105,1.1121638493606405,0.2497488998050663,0.29384204277557274,-0.6290939903202115,0.2950314682384332,-0.8300715244235461,-0.4196672458950372,0.6572290983270423,1.381123404039647,0.8472721362664498,2,False,False
2050_MEHR_SP126,-0.2541848846751878,1.1735196452094494,0.1292371453334449,0.7937179112598705,1.4852549908307677,0.7022941406231473,1.6676377643209925,-0.7986087387492807,-0.3230153119708368,-0.42017791374851604,1.6295885325579458,-0.4384140705099652,1,False,False
2051_MEHR_SP126,-0.09719518484192861,1.4432557601535925,-1.157262929400926,-1.3209730579623618,-0.17125681108063903,0.42647842609683434,-1.528281372826459,-0.8469884191657626,-0.02990917325316124,0.15513651017532581,-0.855062752625042,-0.4384140705099652,0,False,False
2052_MEHR_SP126,-0.3204742035686433,1.298435536560807,0.8817672551420981,-2.6736330017970817,0.849601108560901,-1.4599273380139692,-0.6268682828617933,0.7558108087301791,1.7183157968311886,0.34342123073221953,-0.855062752625042,2.561520411968336,0,False,False
2053_MEHR_SP126,-1.3648206721844056,2.140865293670984,0.5327252493807793,-0.5989398857037059,0.7072915796618358,-0.9679701264135668,0.9710912857119326,0.4526744838402262,0.6912904618567776,-0.5457010607864451,-0.35813249558844445,1.2758342051919216,0,False,False
2054_MEHR_SP126,1.633286145206747,0.3565129582184598,1.1755064289973824,0.6694259716030396,0.8116016831355065,1.2456777084340243,0.7593957873111398,-1.5048361863467545,0.40733647016811664,1.6509540123773145,2.374983918112842,-0.1527060245596508,1,False,False
2055_MEHR_SP126,1.7070627830066665,0.18999929137202845,-0.08987671408099492,0.9423041565104332,0.6385440264206272,0.02035156985800573,0.5955024982266551,0.6970285862401927,2.483865843339902,1.6195732256178323,0.8841931470030494,-0.5812680934851224,1,False,False
2056_MEHR_SP126,1.9492430784886776,-0.047830717868653116,2.0254731941178257,0.43308268637926806,-1.916981208754404,-0.6764109223942928,1.5856911197787502,-0.21169521751898265,0.1595215123395715,2.0484439779974233,0.8841931470030494,-0.295560047534808,1,False,False
2057_MEHR_SP126,-0.15711583061818307,1.6786390773463196,-0.48198346684044274,-0.5702511706576804,0.37664366591785675,-1.6330569489490072,0.99840683389268,1.3745570661546835,-0.16329002614742483,-0.901349977393911,-0.855062752625042,0.7044181132912926,0,False,False
2058_MEHR_SP126,-0.8967195892970633,1.730702661829283,0.6800384930481586,-0.7137449437845986,0.21960095988997225,-3.062789859831177,0.8208557707178216,0.1618580070975766,0.3584036611613918,2.0379837157442626,-0.6065976241067432,1.4186882281670787,0,False,False
2059_MEHR_SP126,1.0448736729283081,0.3166350886747295,0.47647525271121854,0.15079609230989569,-1.6845751182889148,0.254654936681646,-0.5995527346810459,0.6150845792475406,0.5230076391362398,0.62584831156756,-0.6065976241067432,-0.7241221164602797,1,False,False
2060_MEHR_SP126,0.17765009795396347,1.2948873641709358,-0.5538786483431158,0.6780549577688101,-0.047624975057598815,0.6729436736801606,-0.16250396378908663,-0.34299513718962205,0.774397428835491,1.410367980554617,0.6357280184847507,-0.7241221164602797,1,False,False
2061_MEHR_SP126,-0.20932887507606926,1.1116125750617445,0.7970481892818442,1.9588402788605186,0.5550771236012122,0.1507431890474874,2.6168530636019662,-0.5713148167202574,1.2186552581728483,0.8978151301497398,2.6234490466311406,-0.295560047534808,1,False,False
2062_MEHR_SP126,0.7448352555575263,1.0317831302157057,-0.7611409382113281,1.345917097277605,-0.238966428681917,1.2325499037830026,-0.04641288402090996,1.0299467272302452,0.483689748465185,-0.5561613230396059,0.3872628899664519,-0.8669761394354369,1,False,False
2063_MEHR_SP126,-0.5067626425697749,1.601771308387937,-0.9354218198033609,1.9904814935750201,1.6656470198526512,0.6657188360158443,0.2677159200576857,-0.054653152804468925,1.1126510567284549,0.3120404439727372,1.8780536610762446,-0.8669761394354369,1,False,False
2064_MEHR_SP126,1.6240808297024545,0.13545122365211318,-0.37859505277183153,0.3534838574259919,4.272613676798741,2.646818476476375,0.23357148483175139,-1.058254429903394,-0.6198248391491227,0.12375572341584354,3.1203793036677383,-0.295560047534808,1,False,False
2016_MRM2_SP126,-0.0226352224905049,1.202500795432552,0.48589017746967367,2.138913930687751,0.11304803042685839,0.522027464453109,2.446130887472295,-1.3728580454196557,-0.020217150236577594,2.1216658137695488,2.126518789594543,-0.8669761394354369,1,False,False
2017_MRM2_SP126,-1.6721131639283846,2.02500999864994,-1.1510000445369697,0.30729692064092606,0.19716924886356502,0.7665365789086735,-0.41517278446100053,0.748804782163177,1.3010048319481347,0.06099414989687897,-0.6065976241067432,-0.7241221164602797,1,False,False
2018_MRM2_SP126,2.642874612176977,-0.07596561519928723,0.52364297180505,1.2290262828944298,0.36472860525886364,1.326654107215756,1.5242311363720684,0.8739903180894846,2.5576868401867285,2.2262684363011562,2.126518789594543,-0.8669761394354369,1,False,False
2019_MRM2_SP126,-0.3335273542103952,1.621277592581803,0.3848281853723627,0.7731747642142892,0.12475205214707147,-1.0952781755776482,0.3223470164191806,-0.6599014105838917,-0.26696408953994444,1.45220902956726,1.1326582755213483,-0.7241221164602797,2,False,False
2020_MRM2_SP126,0.4663527720935021,1.035788394803895,-0.36802585034677915,-0.9330685110341764,3.177120968724998,0.8541831343335491,0.09016485688282729,-0.28375322640202827,0.16303393490503904,0.3748020174917018,0.3872628899664519,0.7044181132912926,1,False,False
2021_MRM2_SP126,2.3118837541073263,-0.31510138222409523,1.9721896943236814,0.6865629880396218,-0.8120659180562432,0.07851081757580286,1.5856911197787502,0.4738829759235561,-0.23223887417881645,1.0547190639471513,1.8780536610762446,-0.4384140705099652,2,False,False
2022_MRM2_SP126,1.0171313457336415,0.7345946477975542,-0.20222923445769933,-0.12146499473906877,0.8129763944701023,0.6066069843108104,-0.16250396378908663,-1.5913322824500327,-1.926089372039517,-0.07498925939421092,-0.35813249558844445,-0.1527060245596508,2,False,False
2023_MRM2_SP126,-1.5753647750743274,0.5214861823327598,-0.8916704158718894,-0.5660211949537919,-0.5705114024487763,-1.3534891220296528,-0.7361304755847831,2.069393741706621,0.05817547947779934,-1.3511412542798238,-0.855062752625042,-0.295560047534808,3,False,False
2024_MRM2_SP126,-0.888487463960523,-0.5695454467203142,-1.5325004699014135,0.7923735276766952,0.04387221435533105,0.294058325426823,-0.8863659905788941,-0.0611391390913571,-0.8168914618549267,-0.8699691906344287,-0.6065976241067432,-0.8669761394354369,2,False,False
2025_MRM2_SP126,-0.3023793033189943,-0.9615235599959389,-1.658094503958878,-0.09596722603286331,-0.8227173458956584,-0.8263269249359674,-1.5760835821427672,0.6577471507880409,-0.17926732644586224,-1.4871246635709137,-0.855062752625042,-0.8669761394354369,3,False,False
2026_MRM2_SP126,1.4409789367123789,-1.449949542672786,0.32537869545594467,-0.5923638768501727,-0.9696379237517421,-0.1677047361307117,-0.9751415221663232,-0.8516618833049209,-0.6603235349972525,-0.6503036833180528,-0.855062752625042,-0.295560047534808,2,False,False
2027_MRM2_SP126,0.40455924710076385,-0.6358324575627797,-0.17895221069606038,0.047287188659833806,0.7811837231139834,-0.8244145471394406,0.3564914516451149,0.9602914317926315,-0.4750460765087008,-1.1837770582292515,-0.35813249558844445,-0.009852001584493559,3,False,True
2028_MRM2_SP126,-1.116143849935103,0.023541507915225003,-1.0323715579036616,0.4222589147338908,-1.596393338162758,-1.3819954858952035,-0.5244349771839903,-1.6008832547476963,-1.8772503991771081,-0.04360847263472863,-0.855062752625042,-0.8669761394354369,2,False,False
2029_MRM2_SP126,-0.7825792743231331,-0.11633047996931352,1.1734719464094991,-0.6247088390327409,-0.8094510744841187,-1.7276685226754873,0.103822630973201,-0.964797585923076,-0.7514283342190713,0.6572290983270423,-0.6065976241067432,0.7044181132912926,2,False,False
2030_MRM2_SP126,-0.5797964624468253,-0.8061975089642401,0.5579336584779357,-1.0314912924229778,-0.6819205576348117,-1.75262524356404,-0.2239639471957684,-0.8072422375576546,-0.467688749395177,0.00869283863107517,-0.855062752625042,1.5615422511422359,0,False,False
2031_MRM2_SP126,0.06544460051444888,-0.9494893171308413,-0.15916572355751052,-1.0237862986486495,-0.5658303729602194,-2.1088419818891087,-0.23762172128614212,0.23098680421141124,-0.61279892980724,0.15513651017532581,-0.855062752625042,0.5615640903161353,0,False,False
2032_MRM2_SP126,0.9654867197497551,-0.9335833779249866,0.7722914814770907,0.15223826328285797,0.24509810849488675,0.5524397683471941,-0.1488461896987129,-0.8647297184302658,-1.3879267961060633,-0.817667879368625,0.8841931470030494,-0.1527060245596508,2,False,False
2033_MRM2_SP126,0.8171076981108889,-1.2228856704778421,-0.2365482297205638,0.13707546670516027,0.2816796384788608,0.7215246316870012,-0.6268682828617933,1.108554795392077,0.7809352326242249,-1.549886237089878,0.3872628899664519,-0.1527060245596508,3,False,True
2034_MRM2_SP126,-0.6230874432079733,-0.15665527982137095,-0.0816900342361374,-0.36144319620046284,-0.5255996783125609,0.2888092562785516,-0.32639725287357135,-1.2824448242567843,-1.0922531111000329,0.05053388764371821,-0.6065976241067432,-0.295560047534808,2,False,False
2035_MRM2_SP126,-0.20247662645991782,-0.45789858697856795,-1.0436390795577173,1.894789461229948,-0.0696129421506221,1.343835686072478,0.8891446411696902,-0.7616540870388668,-0.6472914745013495,-0.054068734887889394,0.6357280184847507,-0.8669761394354369,1,False,False
2036_MRM2_SP126,0.12304237525297418,-0.7604810012155693,0.09101166024435643,0.013654455084209384,-0.635195937659908,-0.47208103333535284,-0.2785950435572633,-0.07595277229469691,-0.22824361362059742,-0.9327307641533933,0.13879776144815312,-0.295560047534808,2,True,True
2037_MRM2_SP126,-1.5684779853511697,0.4911521658916382,-0.7507019542643781,0.465774628797452,0.12959926362027527,-1.0834499137872833,-0.7293015885395963,-0.38331204850001827,-1.6767399506268417,-1.4871246635709137,0.13879776144815312,-0.8669761394354369,2,False,False
2038_MRM2_SP126,1.0646976906865768,-1.1524773622600366,0.20076351388049074,-0.6126021421731479,-0.9931824894161244,-0.7095738217838307,-0.7156438144492225,1.0713356014030402,-0.1948840781822417,-0.9431910264065541,-0.855062752625042,-0.1527060245596508,3,False,True
2039_MRM2_SP126,-0.09701504081667825,-0.7064043753972699,-1.5643923486923579,1.0631736234243743,0.7662803731227384,-0.4639053248102913,-0.9136815387596415,0.0015486767221279127,0.021065521987222523,-0.6816844700775351,-0.35813249558844445,-0.8669761394354369,0,False,False
2040_MRM2_SP126,1.5297443528209396,-1.3929896668456512,0.6865373003797616,-0.03502961141819247,-0.09366166893217961,0.439580983163876,0.6842780298140844,-0.13300980589608785,-0.07016519991569609,0.6049277870612385,0.3872628899664519,0.2758560443658209,1,False,False
2041_MRM2_SP126,0.2254574205237576,-0.7480047837026823,0.6710857248727089,-0.6459987076419145,-0.5855662514027514,-0.9356315739579042,0.5203847407295996,0.5300481834793089,1.1554145885977969,0.33296096847905876,-0.6065976241067432,0.41871006734097815,0,False,False
2042_MRM2_SP126,0.31131313501669533,-0.7924331905595594,0.9089573191070304,0.6709602161888109,-1.8934169890222259,0.4658899828298486,0.103822630973201,0.5666563062938237,-0.28108368455597343,-0.8072076171154642,0.13879776144815312,-0.8669761394354369,2,False,False
2043_MRM2_SP126,1.492536804862224,-1.2912872960537427,0.7891299252937599,0.023376726120977635,-0.5160744173247663,1.7665517932176598,-0.012268448794975653,-1.3284575687142843,-1.518165820007841,-0.2841945044574261,1.381123404039647,-0.8669761394354369,2,False,False
2044_MRM2_SP126,0.6028248333873468,-1.457800393195148,-1.106006046743808,0.6873633902604362,0.5860464255050176,0.977439277556503,-1.432676954193843,-0.2007140219158981,-0.0657818086534954,-0.6293831588117312,0.8841931470030494,-0.8669761394354369,2,False,False
2045_MRM2_SP126,-1.0138951764357405,-0.7582760945641084,3.409689299725291,-2.8424239886191733,-0.58382092765908,-1.4178071160005696,-0.640526056952167,-1.9428855091604398,-1.8385140469345185,0.12375572341584354,-0.855062752625042,4.5614767336205375,2,False,False
2046_MRM2_SP126,1.0499333927496035,-1.0381731999196593,0.74032364657189,0.03307951793152303,-0.41688544065058986,0.8772449783773514,-0.5312638642291772,-0.8908120557210079,0.33873256473098157,0.9919574904281867,1.1326582755213483,-0.295560047534808,1,False,False
2047_MRM2_SP126,0.44531583857358525,-0.8135361273774314,0.6824306925363085,1.473712390162328,-1.0810009453066973,2.3222825611926043,1.490086701146134,-0.6342877900338053,-1.6034892100759608,0.19697755918796886,4.362704946259232,-0.8669761394354369,2,False,False
2048_MRM2_SP126,0.25045892192043656,-0.5038794668907342,1.3511995840317834,0.1633326076298766,1.5850942300991933,1.1635199602652861,1.3535089602423969,-0.7910740657013042,-0.4566892863033571,0.4480238532638271,3.368844432186037,0.41871006734097815,1,False,False
2049_MRM2_SP126,-0.022317429575846922,-0.896053045029902,0.6707077734283412,-0.7439853846376414,-1.1661455050391618,-0.06766033729121322,-0.6678416051329145,0.7665854230906993,-0.13224858591860805,-0.7967473548623034,-0.6065976241067432,0.13300202139066367,3,False,True
2050_MRM2_SP126,1.5872074246067605,-0.9052685635078097,1.0793381182594743,2.9215389770930242,0.5072178529592501,1.9617865393903762,3.0197573992679914,-0.9790398628468738,-1.4166615188175629,-0.9641115509128756,5.1081003318141285,-0.8669761394354369,2,False,False
2051_MRM2_SP126,0.35569735286358284,-0.8423083209497608,-0.06474294696248806,1.2838339371565466,-0.4100153966731981,0.6810546984425699,0.4862403055036653,-1.7300221855846178,-0.606604208965699,0.4794046400233094,1.1326582755213483,-0.8669761394354369,2,False,False
2052_MRM2_SP126,-0.049031624884368345,-0.6828311985093269,-0.9982698425704158,-0.4048556432287131,1.3264353458362372,-0.2860600357325881,-0.36054168809950565,-0.05420999755102502,-1.193305384933266,-0.8072076171154642,-0.6065976241067432,-0.1527060245596508,0,False,False
2053_MRM2_SP126,-1.2338217192702794,0.3415857062236874,0.6557966326005181,-1.258098249275758,-1.1275788702375515,-2.2094305919089843,-0.6678416051329145,1.7377698288572603,0.4093445261807762,-2.219343021292167,-0.855062752625042,0.5615640903161353,3,False,False
2054_MRM2_SP126,0.4744824524834754,-0.6040996958671127,0.2662290215547691,-1.4264714735948532,-0.2684271320530928,-1.8118617503252294,-1.692174661910944,0.3431944840712997,-0.10909637026922502,-0.14821109516633624,-0.6065976241067432,1.4186882281670787,3,False,False
2055_MRM2_SP126,-1.209203484230022,-0.3331998111289289,-0.21229655696385197,0.07844979265348725,-0.12948234595685792,0.5553282838621458,0.0013893252953980726,-0.7397537284899748,-1.4131837837143886,-0.6503036833180528,-0.6065976241067432,-0.295560047534808,0,False,False
2056_MRM2_SP126,-0.27218868183430195,-0.40381205513454976,-0.6975933366066077,0.6067312515653882,-0.0036610083467917033,-0.17049718776246636,-0.07372843220165741,-0.7710411351122661,-1.2020741955312455,-0.901349977393911,-0.35813249558844445,-0.5812680934851224,2,False,True
2057_MRM2_SP126,-0.5391470294191398,-0.33933541209197937,-0.31324892226995976,-1.3767088631226165,0.32268337322576707,0.5215096442285393,-0.9478259739855758,0.923674965170632,-1.2549207047116908,-1.4557438768114312,-0.855062752625042,0.13300202139066367,3,False,False
2058_MRM2_SP126,0.5009400567110259,-1.0338019576655042,1.9083984368124207,-0.5407319101816611,-0.5413041394259576,0.41187225937082644,-0.688328266268475,-1.175008631308894,-1.263355727624318,-0.12729057066001473,1.6295885325579458,0.41871006734097815,2,False,False
2059_MRM2_SP126,1.0942119987679726,-1.4641595589326184,-0.5962150006787349,-0.116770737066677,-1.493118757696545,0.0328718761351528,-0.18981951196983407,0.4184923852566227,0.6030452392029715,-0.06452899714105015,-0.855062752625042,-0.8669761394354369,3,False,False
2060_MRM2_SP126,-1.406524676879478,-0.37123070356910975,-0.4806943860025759,-1.243233831385058,-0.9835025864620949,-1.0984497504575375,-2.074592336441408,-0.904308930392233,0.3845783145272624,0.7722919831118107,-0.855062752625042,-0.1527060245596508,0,False,False
2061_MRM2_SP126,0.21074946362497426,-0.07494274692102046,0.3108114382628822,1.2139833672333848,-1.6001280022649784,-1.3851601196093501,0.37014922573548864,1.4276109338000902,-0.4566344838270124,-2.041518562988434,-0.35813249558844445,-0.8669761394354369,2,False,False
2062_MRM2_SP126,0.19621936765047146,-0.6188810702246395,-0.9014881359827819,1.1282194290937222,-0.28499877754059105,-1.1543798839613801,0.8891446411696902,0.24942158727990987,1.1990142615584236,-0.02268794812840711,-0.35813249558844445,-0.8669761394354369,1,False,False
2063_MRM2_SP126,-0.8422316925687229,-0.9631197582991726,-0.13625445715608267,-0.8984342956827335,-0.48088380373595796,-0.7606576497472644,-0.29908170469282386,1.037185591718658,-0.0020318089012811057,-0.8699691906344287,-0.855062752625042,-0.1527060245596508,3,False,True
2064_MRM2_SP126,0.5718702568845366,-0.6153743790029579,-0.4674340105334071,-0.007447225570104881,-0.8689823367253683,1.5617362553643424,-1.6990035489561306,-0.7984997859354857,-0.9695808712600946,-0.22143293093846156,-0.35813249558844445,-0.7241221164602797,2,False,False
2016_AWCM_SP245,-0.18152247375952657,0.0961564783799319,-0.07460658386458338,-0.5851377424362285,0.3563294270013733,0.4931102955303288,-1.0912326019345,1.3166454022755012,0.8358666649060954,-0.8804294528875894,0.3872628899664519,-0.1527060245596508,3,False,False
2017_AWCM_SP245,-1.31684771432715,-0.8608459261331585,-1.1384697189284678,0.1490622388628375,0.5720714668345604,1.2090007036772539,-0.6473549439973538,2.0154837342675473,1.3112308960452674,-0.5770818475459274,-0.10966736707014567,-0.7241221164602797,1,False,False
2018_AWCM_SP245,-1.1373911969791966,-0.14547282723696495,-1.0601558356883478,1.249485806806711,-0.06903894515129833,0.9740015491321138,0.9301179634408113,0.9976115077374075,0.8910173459202724,-0.4829394872674806,-0.35813249558844445,-0.7241221164602797,1,False,False
2019_AWCM_SP245,0.7268658522085876,-0.7900297987278839,0.30357430281170555,1.3020730174774846,-1.021495138724009,2.2786444100421472,0.9096313023052508,0.7267238509832392,0.06492061092880187,-1.5289657125835567,2.126518789594543,-0.8669761394354369,2,False,False
2020_AWCM_SP245,-0.9174340164037533,-0.5665809121820934,-0.43079851352090953,0.27209994500590123,-0.5543933368741607,-0.2162845774567945,0.5955024982266551,0.07013775782330245,0.14422289868077498,-0.30511502896374765,0.13879776144815312,-0.8669761394354369,2,False,True
2021_AWCM_SP245,-1.388099610781323,0.3893312167996463,0.003313827452960383,-0.8920019615416382,0.6221567116863932,1.4056264888148136,-2.2248278514355193,0.42866229751381163,0.8034154050575739,-1.16285653372293,0.13879776144815312,-0.5812680934851224,0,False,False
2022_AWCM_SP245,-0.2563150178084768,-0.004772349594157937,-0.24861613100580773,1.210830483828862,-0.45419080853906296,1.268306386523256,1.298877863880902,-1.0638259278025362,-1.1023843423568955,0.09237493665636125,1.8780536610762446,-0.8669761394354369,2,False,False
2023_AWCM_SP245,-1.0376440655746062,-0.35015978176227847,-0.06477397831050767,-1.6031044252456503,-0.31261837700858836,-0.724671661363667,-1.5419391469168329,1.6136888008649497,0.4891490776582279,-0.8281281416217857,-0.6065976241067432,0.41871006734097815,3,False,False
2024_AWCM_SP245,0.22625252882197797,-0.3987653076468335,0.4284436321742974,-1.8957210961517876,1.6603740517007137,0.4055331471470618,-1.384874744877535,0.21344118857069314,0.08762255635845186,0.0819146744032005,0.6357280184847507,0.41871006734097815,0,False,False
2025_AWCM_SP245,-0.6215000252514992,-0.4286865078168582,-0.11775751258088918,1.1005423632706055,-0.1890515131158698,1.0958473718487245,-0.10104398038240486,1.3012027714542198,1.4670833213769605,-0.5561613230396059,1.8780536610762446,-0.8669761394354369,1,False,False
2026_AWCM_SP245,-0.5116527500892877,-0.41025307568911573,2.960443224993423,-1.762828310769906,1.2712724568843468,-1.2484218559276992,0.06284930870207983,-0.901515796728175,0.944009213177623,1.4940500785799031,0.6357280184847507,2.418666388993179,0,False,False
2027_AWCM_SP245,-0.4077397696872381,-0.3559652426771832,0.8504326118266244,-1.68139274295981,0.6079026423957966,-0.49595879679868055,-0.2034772860602078,0.5932911045256545,0.6280689181761258,-0.9431910264065541,-0.35813249558844445,1.1329801822167642,0,False,False
2028_AWCM_SP245,-0.12393972329788752,-0.9404406111802798,1.4747477423101756,-0.3021777517551795,-0.6462934674206583,-0.3525702995179947,1.1759578970675384,0.3405322243772762,0.08939790937108841,-1.0059525999255186,0.6357280184847507,0.7044181132912926,2,False,False
2029_AWCM_SP245,-1.4264278666849226,-0.10412940032316524,-0.21085188472972707,0.46631546825225806,0.38818545128816584,-0.43606412709491765,2.2276065020263154,0.6971661715991981,-0.5930779555084928,-1.246538631748216,0.3872628899664519,-0.1527060245596508,0,False,False
2030_AWCM_SP245,-0.8594490719427985,-0.03310910079917852,0.321308476856081,0.3793906412436397,-0.5195111341589339,-0.3160215225331205,1.4832578141009471,-0.5293443906267836,-1.1708474129242252,-0.12729057066001473,-0.35813249558844445,-0.5812680934851224,2,False,False
2031_AWCM_SP245,-0.33982178972442506,-0.3778361827647556,0.6989665512309042,-1.2224087590508743,-1.4493091280194674,-0.559925499693258,-1.2346392298834241,1.0005801569281392,0.30787024646774963,-0.9431910264065541,-0.855062752625042,0.2758560443658209,3,False,False
2032_AWCM_SP245,-1.0220506337713158,0.8666653761615062,-0.7807565215756327,-0.9417111672071753,-0.7247597648593068,-0.5051263649109824,-1.1048903760248736,0.8345179168161461,0.8066406630141302,-0.5352407985332844,-0.855062752625042,0.13300202139066367,0,False,False
2033_AWCM_SP245,-1.8041098319328082,1.8772178526285033,-1.5498371098386838,-0.9385866069859649,-0.4688374251291384,-0.9494531988027972,-0.3537128010543188,0.22325647015976896,0.8490494977163363,-0.2841945044574261,-0.855062752625042,-0.295560047534808,0,False,False
2034_AWCM_SP245,-0.3169367228557168,0.24552831860524416,-0.6407245862273327,0.5277093363378023,2.7987669418486436,0.21910527756638926,1.1896156711579122,1.4868122030218844,0.10569213634147659,-1.2883796807608592,0.13879776144815312,0.41871006734097815,1,False,False
2035_AWCM_SP245,0.05329879835660685,0.16978175780733346,0.5798610675637229,-2.7015446777390557,-0.18952461648664623,-1.347552541057032,-1.2756125521545452,0.384533083524086,-1.1609136651931673,-0.7549063058496603,-0.855062752625042,2.561520411968336,3,False,False
2036_AWCM_SP245,0.7158207256264155,-0.06425803516653777,1.2395117160588918,0.6700811084984006,-0.9182773132059173,-0.16408749982058468,0.7867113354918872,0.1864177834996917,0.11774675173391501,0.20743782144112963,0.13879776144815312,-0.009852001584493559,2,False,False
2037_AWCM_SP245,-2.2508377762815877,1.516422224138162,-1.3255949006755134,-0.9880745356060356,-0.4212382932967614,-0.6199897805599875,-1.3234147614708534,-0.509121853685634,-0.5335667714361875,0.16559677242848658,-0.855062752625042,-0.1527060245596508,0,False,False
2038_AWCM_SP245,0.9520929451843525,-0.2948167793449305,1.0532687035952675,0.4286851486244241,-0.675007990770892,0.9479314283068564,0.4384380961873573,-0.8557979582875431,-1.5830935973196554,0.17605703468164735,0.8841931470030494,-0.295560047534808,2,False,False
2039_AWCM_SP245,-0.5036836232459336,0.7473143847655436,0.4719150462025152,-1.2396261872610093,-0.8308248159859942,-1.6610627428036788,0.14479595324432218,-0.9855216357597953,0.2664298562446317,1.9543016177189767,-0.855062752625042,2.418666388993179,0,False,False
2040_AWCM_SP245,0.12216050912080996,-0.007568239071091455,1.285696925741338,1.0295660689130337,0.4092600727549338,1.7601291701476378,2.0568843258966436,0.9296604594832681,-0.22116727589182786,-0.8281281416217857,2.374983918112842,-0.1527060245596508,1,False,False
2041_AWCM_SP245,0.01059479547027745,0.8062165676429089,-1.3571678309588664,-0.4698596080083331,0.22222047905708633,-0.811442375847509,-0.08055731924684428,1.3102253091460119,0.7181320338578664,0.24927887045377267,-0.855062752625042,-0.295560047534808,1,False,False
2042_AWCM_SP245,-0.7555708535931004,0.3030131756589143,0.712652340982697,-1.2447453904742267,-0.5435279768355188,-0.40634775536469375,0.07650708279245357,-1.0343315191502254,0.37489887336093686,1.1384011619724372,-0.855062752625042,1.1329801822167642,0,False,False
2043_AWCM_SP245,-1.2439346778522409,1.2335090284824572,-0.7836640628608865,-1.6168003532967172,-0.10785777566620279,-0.6940781262692592,-0.9614837480759495,2.036847091971942,0.8940296141559945,-0.7026049945838565,-0.855062752625042,0.2758560443658209,3,False,False
2044_AWCM_SP245,0.9882638916891767,0.21418512081564411,0.7514269394392844,0.5168033257791321,0.45717685676912406,0.32911909749822355,1.2169312193386597,1.5284508771884784,2.1885084608199503,1.2220832599977234,1.1326582755213483,-0.009852001584493559,1,False,False
2045_AWCM_SP245,-1.3513569316238176,1.4324915777765503,-1.5757366735899179,0.2788236900618052,0.5562630296446032,0.8203182122435978,-0.5790660735454852,1.5458498850591718,0.6011814737748344,-0.6712242078243743,-0.6065976241067432,-0.8669761394354369,1,False,False
2046_AWCM_SP245,-0.6893611486372193,1.0227051466418517,-1.3809000334946262,0.2381499521026113,0.9947990106424901,0.06718197226627835,-0.640526056952167,1.1160500604246892,-1.2390015060561363,-1.0687141734444832,-0.855062752625042,-0.295560047534808,3,False,False
2047_AWCM_SP245,-1.2018627256712981,1.1393166082368038,-1.7709842224628045,0.10251622376504545,-0.2937857498848813,0.004786373706843569,-1.2482970039737977,1.4984295570182324,-0.2336545684253961,-1.079174435697644,-0.6065976241067432,-0.7241221164602797,3,False,False
2048_AWCM_SP245,-0.011322236619743343,0.27459018351890235,-0.0626557178303534,0.12370895559198235,1.1555433007255709,0.7600645048914806,0.5955024982266551,-0.7835945857409564,-1.6713331813486372,-0.20051240643214005,0.13879776144815312,0.5615640903161353,0,False,False
2049_AWCM_SP245,-0.8786478146500687,1.0238841313663896,-0.03736253039922146,-1.6607304106527716,-0.22722997105034357,-1.8565790479600155,-0.1693328508342735,1.5307969747408692,1.8000237895483926,-0.25281371769794386,-0.855062752625042,1.7043962741173933,0,False,False
2050_AWCM_SP245,0.17577471469136272,0.6655607757360167,-1.1815595740850244,-0.5085322307543103,1.2763006722012167,-0.09943546261806739,0.1584537273346959,-0.6458898566004818,1.4548506251108753,1.4731295540735816,-0.855062752625042,-0.009852001584493559,1,False,False
2051_AWCM_SP245,0.19703553939562757,0.26218948078007326,-0.8919408844147296,-0.5573238194055118,0.6113020123946308,1.183536344360616,-1.2551258910189846,0.37019405130806754,0.7454637043357082,0.02961336313739669,-0.6065976241067432,-0.5812680934851224,1,False,False
2052_AWCM_SP245,-0.016090087768716115,0.09781521722671956,-0.23457342309233092,0.8860376296671919,0.12506790795516431,0.2445482864213639,1.688124425456553,0.6585472718597721,0.3313376096857797,-0.5457010607864451,-0.6065976241067432,-0.5812680934851224,1,False,False
2053_AWCM_SP245,-0.1970348923053551,0.3710452747818667,-0.012283105641903724,1.1719250518614222,0.3257472991198163,0.1395692723018602,0.9642623986667457,-0.5691085627686481,0.5130338151761532,0.5317059512891132,-0.10966736707014567,-0.295560047534808,1,False,False
2054_AWCM_SP245,-0.52598340615347,0.3964382487879333,-1.5316061037358912,1.634752207813578,0.755578013384442,0.5595071158339013,0.7184224650400186,-0.3443344366692141,-0.5906810626898666,0.584007262554917,-0.855062752625042,-0.7241221164602797,1,False,False
2055_AWCM_SP245,-0.9075802265972968,0.593475384239305,0.5058453271572514,-0.09804213684101484,-1.7889728509754308,-1.074571758346176,-0.4083438974158137,-1.5901030396459908,0.14570094273108183,2.1739671250353525,-0.6065976241067432,0.5615640903161353,2,False,False
2056_AWCM_SP245,0.026471110839144354,0.34110714380008755,-1.1501301407341409,1.6347166821806691,0.5245145606245063,0.2742194824449704,0.49989807959403904,0.6180532653844658,1.0789066142310781,-0.9222705019002325,-0.10966736707014567,-0.8669761394354369,1,False,False
2057_AWCM_SP245,0.2834850074175773,0.22079477703948194,-1.2238162505438306,0.7095586465434262,0.817675970892755,0.6060730144423316,0.30186035528362004,-0.6939419788599359,-1.393090929844018,0.24927887045377267,-0.855062752625042,-0.5812680934851224,0,False,False
2058_AWCM_SP245,1.427252786845921,-0.08513467168898728,-0.2928737619130173,0.7083340575128793,-0.20663417350962776,0.6474479805879185,0.04919153461170611,0.8502431151339958,1.389080550270083,0.4480238532638271,-0.35813249558844445,-0.8669761394354369,1,False,True
2059_AWCM_SP245,0.55122969913904,0.30203191007039565,-0.1030110219002158,-0.8872829157275925,-0.4951343866633989,1.2218150505430094,-2.532127768468928,-0.6705704938004441,-0.08471714436552824,1.3476064070356526,-0.6065976241067432,-0.1527060245596508,1,False,False
2060_AWCM_SP245,-0.13993255046071856,0.413338455972357,0.566978946465775,-0.2471735472095561,-0.9553322042445439,0.9076540130544324,-1.8014368546339337,-0.4801652850841986,0.725906635670586,1.3057653580230095,-0.35813249558844445,-0.009852001584493559,1,False,False
