cy_id,PC_1,PC_2,cluster,is_centroid,selected
2015_AWCM_SP126,-1.8581634170680055,0.591648978672432,0,False,False
2016_AWCM_SP126,-0.9512304095445527,-0.9229147207497459,0,False,False
2017_AWCM_SP126,2.81118587816711,4.335695387889468,1,False,False
2018_AWCM_SP126,-2.3915305200611394,0.04052020164661317,0,False,False
2019_AWCM_SP126,-4.838559218804079,0.705024603062356,0,False,False
2020_AWCM_SP126,-0.130325612065788,-1.7192539390257133,0,False,False
2021_AWCM_SP126,-1.8758314822964939,-1.55326704981001,0,False,False
2022_AWCM_SP126,-2.9172954232204007,0.05098546552538859,0,False,False
2023_AWCM_SP126,-3.2114989405129863,-2.006664838955725,0,False,False
2024_AWCM_SP126,0.25512655873767903,5.497158710413296,1,False,False
2025_AWCM_SP126,1.0848963324444956,2.2716168446722453,1,False,False
2026_AWCM_SP126,0.009929267977612765,-0.7889816365849275,0,False,False
2027_AWCM_SP126,-0.9453972597345832,1.0308447404850418,0,False,False
2028_AWCM_SP126,0.4544440428470082,2.174934870109705,1,False,False
2029_AWCM_SP126,-0.7238988448743198,-0.049308417273390054,0,False,False
2030_AWCM_SP126,-1.158737172378965,-1.4287550864383218,0,False,False
2031_AWCM_SP126,1.4500632286116266,-2.016493162989815,1,False,False
2032_AWCM_SP126,-0.9381250203085019,0.04445057635277984,0,False,False
2033_AWCM_SP126,-1.0917456904698029,-0.2716811354692726,0,False,False
2034_AWCM_SP126,-2.950482105300858,1.2996604973685277,0,False,False
2035_AWCM_SP126,-3.6856110860663427,-0.10525188299996827,0,False,False
2036_AWCM_SP126,-1.6699238640864154,0.38021950589777326,0,False,False
2037_AWCM_SP126,0.5168829680056863,-3.698297088774661,0,False,False
2038_AWCM_SP126,1.5035653747881654,-2.820640020325421,1,False,False
2039_AWCM_SP126,-2.747094880848021,-3.9209070688708674,0,False,False
2040_AWCM_SP126,-1.249582228067273,2.5171762417066437,0,False,False
2041_AWCM_SP126,0.32141549994433655,-0.9732274806946791,1,False,False
2042_AWCM_SP126,1.7829593810041162,5.035279064865008,1,False,False
2043_AWCM_SP126,-0.6091396441460769,0.03394859264792229,0,False,False
2044_AWCM_SP126,-4.6910963139048585,-1.9008505478324926,0,False,False
2045_AWCM_SP126,-3.8643257400486153,-0.24668362581886707,0,False,False
2046_AWCM_SP126,0.6388895378585239,-1.8922393983139603,1,False,False
2047_AWCM_SP126,0.8851192596098898,-1.5925254719318866,1,False,False
2048_AWCM_SP126,-0.6135807015533901,-2.3152542273485444,0,False,False
2049_AWCM_SP126,0.2814949164499534,-1.4653647536444436,1,False,False
2050_AWCM_SP126,0.9831762186472319,2.336278495665146,1,False,False
2051_AWCM_SP126,0.9644178118789506,0.5622069523208184,1,False,False
2052_AWCM_SP126,0.014380447240842056,-0.1596762836265446,0,False,False
2053_AWCM_SP126,1.1416151278376903,-1.4615292810508194,1,False,False
2054_AWCM_SP126,-1.9635760324158253,-0.7965463131987458,0,False,True
2055_AWCM_SP126,0.4285321586610161,-1.8274820508096457,1,False,False
2056_AWCM_SP126,0.8119506254624564,0.10044502014141456,1,False,False
2057_AWCM_SP126,0.7648654333589501,-2.245574047720742,1,False,False
2058_AWCM_SP126,1.7204580306863282,1.0740511150938048,1,False,False
2059_AWCM_SP126,-0.2204692379068261,-1.0197570144548016,0,False,False
2060_AWCM_SP126,-0.40700552990018635,0.5862977373000652,0,False,False
2061_AWCM_SP126,1.1127237408651593,-2.60240233438754,1,False,False
2062_AWCM_SP126,-3.7510831595295215,-2.315948658643688,0,False,False
2063_AWCM_SP126,-4.032551208856782,-3.8412055552962348,0,False,False
2064_AWCM_SP126,0.04582566686593168,-1.615449813540311,0,False,False
2065_AWCM_SP126,0.8471019096423517,0.12137180210329805,1,False,False
2066_AWCM_SP126,-0.20209100265175017,1.689418280304802,1,False,False
2067_AWCM_SP126,3.51512369643424,-2.5995881773515834,1,False,False
2068_AWCM_SP126,-1.9657099465261367,-3.116514623370689,0,False,False
2069_AWCM_SP126,1.3237259530665213,-1.731558059108811,1,False,False
2070_AWCM_SP126,4.481620423195436,1.50370803816589,1,False,False
2071_AWCM_SP126,-0.6184350354361642,-2.7529859011030164,0,False,False
2072_AWCM_SP126,0.7047558670178934,-1.671634963854939,1,False,False
2073_AWCM_SP126,1.427915708148103,-1.1672667033839061,1,False,False
2074_AWCM_SP126,-0.8241879602460195,-3.076593536698725,0,False,False
2075_AWCM_SP126,-0.8784470112297394,-2.457945494206512,0,False,False
2076_AWCM_SP126,0.5080332703476866,1.9639276934872933,1,False,False
2077_AWCM_SP126,0.5256038903424205,-1.4641912924269533,1,False,False
2078_AWCM_SP126,-0.030785653617746066,-2.431720095471776,0,False,False
2079_AWCM_SP126,-1.0434465156791028,1.7062904652759876,0,False,False
2080_AWCM_SP126,-0.4750940787768792,0.02332864573256556,0,False,False
2081_AWCM_SP126,-1.4828569966445901,3.906848436377902,0,False,False
2082_AWCM_SP126,-1.0649651081884288,-0.17254055089130235,0,False,False
2083_AWCM_SP126,-2.6659614650516428,0.7142977779266868,0,False,False
2084_AWCM_SP126,-0.6781163565126312,-2.7581324435164425,0,False,False
2085_AWCM_SP126,-1.383844885156516,-1.601650726132498,0,False,False
2086_AWCM_SP126,1.9733321420469858,-1.8817621926422592,1,False,False
2087_AWCM_SP126,-1.5786659869467499,-3.3939017285746886,0,False,False
2088_AWCM_SP126,-0.5821542117070091,0.04513848041342361,0,False,False
2089_AWCM_SP126,-2.054086937459367,-2.724700344288987,0,False,False
2090_AWCM_SP126,-0.43393861397280264,0.9626748258187195,0,False,False
2091_AWCM_SP126,-1.7370381618770883,1.5791476966935956,0,False,False
2092_AWCM_SP126,-0.24390366754870244,-2.798259177577113,0,False,False
2093_AWCM_SP126,-0.7366366323945621,-4.126516712152639,0,False,False
2094_AWCM_SP126,-1.3884434160484955,-2.4509749456527428,0,False,False
2095_AWCM_SP126,-2.654519512282568,-0.3571947202347806,0,False,False
2096_AWCM_SP126,2.660662047909947,-0.21526007986177864,1,False,False
2097_AWCM_SP126,1.0459409349865885,1.5966602947756856,1,False,False
2098_AWCM_SP126,-0.087837951971933,-0.06364203967607486,0,False,False
2099_AWCM_SP126,0.7722315426274663,-1.9920898179497568,1,False,False
2100_AWCM_SP126,-2.0653602630503327,-3.4668367186209985,0,False,False
2015_BCCS_SP126,-5.68794468911839,0.7562579502944671,0,False,False
2016_BCCS_SP126,-3.026264775735251,-0.15532924917039723,0,False,False
2017_BCCS_SP126,2.6633258282970864,1.3016717477939583,1,False,False
2018_BCCS_SP126,-2.2973493013691497,-0.07470369501402173,0,False,False
2019_BCCS_SP126,-2.8382868709169102,1.8641115640418118,0,False,False
2020_BCCS_SP126,-0.6603698910495559,0.023823856647819483,0,False,False
2021_BCCS_SP126,0.24540951329761015,0.1519607366114648,1,False,False
2022_BCCS_SP126,-2.664929616220272,-1.111916094559517,0,False,False
2023_BCCS_SP126,-0.6164952910225975,-3.3497297701883473,0,False,False
2024_BCCS_SP126,-3.919673651248004,-2.0098009267518964,0,False,False
2025_BCCS_SP126,2.62026367526974,-1.593781915702695,1,False,False
2026_BCCS_SP126,-1.6452181688121656,-5.185179587414097,0,False,False
2027_BCCS_SP126,-2.4276722879880457,-0.2763158746348361,0,False,False
2028_BCCS_SP126,-1.9750585556323597,0.10899493869966975,0,False,False
2029_BCCS_SP126,0.004560965048761585,-2.2649211785592036,0,False,False
2030_BCCS_SP126,-0.9915279064582341,4.285720145722494,0,False,False
2031_BCCS_SP126,-2.6734123673096444,0.3667622827951035,0,False,False
2032_BCCS_SP126,-3.8396599509295375,-0.6758859346190567,0,False,False
2033_BCCS_SP126,0.06839300098387686,2.6343733341131443,1,False,False
2034_BCCS_SP126,-2.935291570937386,7.319227456001124,0,False,False
2035_BCCS_SP126,-1.5372762074432196,4.196822946554002,0,False,False
2036_BCCS_SP126,-2.129544606154397,-0.6667233147861064,0,False,True
2037_BCCS_SP126,-3.4857576884033565,-0.35590917348404394,0,False,False
2038_BCCS_SP126,-2.9315804519732667,-0.7804841821524776,0,False,False
2039_BCCS_SP126,0.4470489206941931,-2.6178199044795147,1,False,False
2040_BCCS_SP126,-1.0739509820642672,-2.615421951637766,0,False,False
2041_BCCS_SP126,-3.836418027600646,1.4449469513081894,0,False,False
2042_BCCS_SP126,-4.339438599518677,0.44415985311099343,0,False,False
2043_BCCS_SP126,0.8185431507497448,0.19229325665373928,1,False,False
2044_BCCS_SP126,-3.7946336845424717,2.6471827480603527,0,False,False
2045_BCCS_SP126,-1.374816895034505,3.696706605694708,0,False,False
2046_BCCS_SP126,-4.844631386660498,0.01917461184425293,0,False,False
2047_BCCS_SP126,1.93525806004751,1.950156101750459,1,False,False
2048_BCCS_SP126,2.6718187410722853,-3.1784941366775374,1,False,False
2049_BCCS_SP126,1.5169431421880522,0.08573964400236285,1,False,False
2050_BCCS_SP126,4.135274693617399,-0.8642141967918454,1,False,False
2051_BCCS_SP126,3.7486977757447506,-0.9653335178462641,1,False,False
2052_BCCS_SP126,5.409745721119717,1.7201276772252971,1,False,False
2053_BCCS_SP126,-1.5064530750938645,-3.761284838443359,0,False,False
2054_BCCS_SP126,-1.7955298272608915,-3.078187188499983,0,False,False
2055_BCCS_SP126,-4.065374030778054,-0.5968814709213464,0,False,False
2056_BCCS_SP126,1.1938232646277875,-0.32849414571345487,1,False,False
2057_BCCS_SP126,0.9407549414844159,1.5604284391907792,1,False,False
2058_BCCS_SP126,-3.92345650950566,1.326611535032668,0,False,False
2059_BCCS_SP126,1.2820980291770305,-1.2050761623081434,1,False,False
2060_BCCS_SP126,-2.51412026678607,1.9208319842888375,0,False,False
2061_BCCS_SP126,-3.105961930810791,2.7550225508782495,0,False,False
2062_BCCS_SP126,-3.71836779433035,0.7986483660175118,0,False,False
2063_BCCS_SP126,0.37964864115468494,-3.4064007928195914,0,False,False
2064_BCCS_SP126,-2.536257998989082,-1.8351880215819318,0,False,False
2065_BCCS_SP126,-1.3084549703632389,-2.02939907022157,0,False,False
2066_BCCS_SP126,-2.5262483488025094,-3.7699082681145852,0,False,False
2067_BCCS_SP126,2.7231610699003186,0.03840124135068253,1,False,False
2068_BCCS_SP126,0.7531551644713224,-1.875112448279315,1,False,False
2069_BCCS_SP126,-1.231682396498455,2.3505422155642575,0,False,False
2070_BCCS_SP126,1.568987243677694,0.9087207763461931,1,False,False
2071_BCCS_SP126,3.3128757771939674,-2.675053363186644,1,False,False
2072_BCCS_SP126,1.2786156607763728,-2.047099494506584,1,False,False
2073_BCCS_SP126,-2.045105393203776,0.8589019262084696,0,False,False
2074_BCCS_SP126,0.3992369955925285,3.0249824153362246,1,False,False
2075_BCCS_SP126,0.9817417064967785,-0.43408027548267997,1,False,False
2076_BCCS_SP126,2.366289940897833,0.34458955971929883,1,False,False
2077_BCCS_SP126,0.18777345151334973,-1.4641697115633683,0,False,False
2078_BCCS_SP126,-1.089944029186104,0.25047554591681176,0,False,False
2079_BCCS_SP126,1.9693247769206357,0.10536605985430632,1,True,True
2080_BCCS_SP126,5.546858989130583,-2.1993621206346297,1,False,False
2081_BCCS_SP126,-3.3367113692201533,-0.05618640980703423,0,False,False
2082_BCCS_SP126,-2.9134615747395007,1.1285697866381097,0,False,False
2083_BCCS_SP126,0.1475003814102273,-2.5033367144112426,0,False,False
2084_BCCS_SP126,-0.22160745381745894,-0.08372158487055828,0,False,False
2085_BCCS_SP126,2.6840626725154135,-2.1199799965036528,1,False,False
2086_BCCS_SP126,2.371244170016777,-2.57159529194045,1,False,False
2087_BCCS_SP126,-1.427102455342294,-0.7151768999087519,0,False,False
2088_BCCS_SP126,-4.919631227802644,2.5826901148759354,0,False,False
2089_BCCS_SP126,-2.094358671564413,-0.20832899285524453,0,False,True
2090_BCCS_SP126,-2.056631735936761,-2.7621059298119612,0,False,False
2091_BCCS_SP126,-1.4751345731659165,-3.5176215219677776,0,False,False
2092_BCCS_SP126,-0.012711204532492757,-1.9627810807206116,0,False,False
2093_BCCS_SP126,3.584603015512937,-1.443259171688659,1,False,False
2094_BCCS_SP126,-0.1264657889905482,-0.1882486995444635,0,False,False
2095_BCCS_SP126,2.40424945779645,1.495346968937414,1,False,False
2096_BCCS_SP126,-0.4002336456782215,-2.3365732218836763,0,False,False
2097_BCCS_SP126,-1.2642794955361878,-3.3253951706346383,0,False,False
2098_BCCS_SP126,-0.44364046026973963,-2.872034535440266,0,False,False
2099_BCCS_SP126,3.4103782426129783,-0.3659790827795823,1,False,False
2100_BCCS_SP126,-2.54206029288105,-2.8491511501508766,0,False,False
2015_CMR5_SP126,-5.7164288611894065,6.595524090121873,0,False,False
2016_CMR5_SP126,-1.389455139146086,-2.2309793827835733,0,False,False
2017_CMR5_SP126,-3.3630584834769115,-2.8241858208178847,0,False,False
2018_CMR5_SP126,-3.517670319837939,-1.9074799977173447,0,False,False
2019_CMR5_SP126,-6.783097308261201,1.5380987450615278,0,False,False
2020_CMR5_SP126,-2.632008383388819,0.19359874510754443,0,False,False
2021_CMR5_SP126,-1.7846698323064039,1.5523061235113078,0,False,False
2022_CMR5_SP126,-4.252982351093827,1.4876553449703667,0,False,False
2023_CMR5_SP126,-2.6665340776982323,1.2016843970628377,0,False,False
2024_CMR5_SP126,-0.17235599552895345,0.9180817357256401,0,False,False
2025_CMR5_SP126,-3.877384617722345,1.3041857440173532,0,False,False
2026_CMR5_SP126,-7.170366096614099,-1.4641553017403557,0,False,False
2027_CMR5_SP126,-3.3998769146282766,1.2401555907940316,0,False,False
2028_CMR5_SP126,-2.7106602023993482,-4.172095201321017,0,False,False
2029_CMR5_SP126,-2.322778510563598,-1.8230002138163062,0,False,False
2030_CMR5_SP126,-2.2997807606643352,-3.3381080628331516,0,False,False
2031_CMR5_SP126,-1.8076515512642457,-1.2280309518045662,0,False,False
2032_CMR5_SP126,-1.1520184341542528,-1.7673362413276703,0,False,False
2033_CMR5_SP126,0.42119583848517633,1.493752766495801,1,False,False
2034_CMR5_SP126,-1.662077926162908,-0.8260116463029812,0,False,True
2035_CMR5_SP126,0.3770465877052722,0.983829390736247,1,False,False
2036_CMR5_SP126,-1.3042048264410049,0.6429700550286798,0,False,False
2037_CMR5_SP126,-2.7532289642817847,0.5746713668296066,0,False,False
2038_CMR5_SP126,-0.6361002096762413,-2.5530264016410897,0,False,False
2039_CMR5_SP126,3.031840857332636,5.393739368323849,1,False,False
2040_CMR5_SP126,-4.976866428926353,4.5197044304789245,0,False,False
2041_CMR5_SP126,-0.8367304330810545,-0.1134762870194708,0,False,False
2042_CMR5_SP126,0.2868834912471966,2.36646100477502,1,False,False
2043_CMR5_SP126,2.0150448848562603,3.4690584354616236,1,False,False
2044_CMR5_SP126,2.054350932804998,-0.3151576211627841,1,False,True
2045_CMR5_SP126,0.07364207899313277,-1.3959514746863417,0,False,False
2046_CMR5_SP126,-0.024834075316513188,-0.3795491110903456,0,False,False
2047_CMR5_SP126,2.348484999304006,-1.3296801177070612,1,False,False
2048_CMR5_SP126,0.5690792301221796,-1.4069766109166042,1,False,False
2049_CMR5_SP126,-1.6987047214917064,1.1693946426619923,0,False,False
2050_CMR5_SP126,2.9525689073128185,1.1043033509204703,1,False,False
2051_CMR5_SP126,-0.21875230047215544,1.2368097618025748,0,False,False
2052_CMR5_SP126,1.5152731028178443,-0.2108182205252632,1,False,False
2053_CMR5_SP126,0.7489147426537367,-3.181242751074197,1,False,False
2054_CMR5_SP126,1.9660709611512048,-2.091588053426974,1,False,False
2055_CMR5_SP126,0.8352903233188592,-1.1571296996697689,1,False,False
2056_CMR5_SP126,-1.152978991407173,6.754058675757056,0,False,False
2057_CMR5_SP126,0.09430615263854503,6.343805908320112,1,False,False
2058_CMR5_SP126,3.1857022649016904,-1.2488494173929798,1,False,False
2059_CMR5_SP126,5.073080204519512,-0.1882856299022258,1,False,False
2060_CMR5_SP126,0.7160947238564629,-1.1489162178616819,1,False,False
2061_CMR5_SP126,3.726681215068199,-0.9917460245885388,1,False,False
2062_CMR5_SP126,5.716434651302929,-1.3428509457362843,1,False,False
2063_CMR5_SP126,2.0213336227431222,-0.8952531103512178,1,False,False
2064_CMR5_SP126,4.054743455659102,4.942959203857032,1,False,False
2065_CMR5_SP126,0.6917666186249526,-1.1861776583704726,1,False,False
2066_CMR5_SP126,-2.1527254065514074,4.114014524130337,0,False,False
2067_CMR5_SP126,1.9493587600790405,-1.4482156705602676,1,False,False
2068_CMR5_SP126,4.218769828139705,-0.10314221490574631,1,False,False
2069_CMR5_SP126,1.204385692397202,-0.5662399973389155,1,False,False
2070_CMR5_SP126,1.3147305147125583,2.3817690153314577,1,False,False
2071_CMR5_SP126,1.88423378564573,2.3088354097356536,1,False,False
2072_CMR5_SP126,-2.050809007847056,0.5139945050429382,0,False,False
2073_CMR5_SP126,1.1912820387189638,1.6244516866984955,1,False,False
2074_CMR5_SP126,1.4979634768555334,4.76379753008403,1,False,False
2075_CMR5_SP126,1.1668233634823526,-2.9569980831951286,1,False,False
2076_CMR5_SP126,2.0273901587724588,-0.31227515585262927,1,False,True
2077_CMR5_SP126,1.8956497885756127,1.7168415391813383,1,False,False
2078_CMR5_SP126,-3.0917875924882203,4.27024499936362,0,False,False
2079_CMR5_SP126,1.9202773517580218,0.1678114996371551,1,False,True
2080_CMR5_SP126,-2.055458024655221,-1.5861383912499165,0,False,False
2081_CMR5_SP126,1.021882464431159,-0.9703118173251403,1,False,False
2082_CMR5_SP126,3.359681741139974,0.4106057705676002,1,False,False
2083_CMR5_SP126,0.7575294963139023,-1.4455308091711518,1,False,False
2084_CMR5_SP126,3.7028428710110313,2.3222817915607457,1,False,False
2085_CMR5_SP126,7.714052976643957,1.4596301972284653,1,False,False
2086_CMR5_SP126,4.049056696720491,-0.13187032893855016,1,False,False
2087_CMR5_SP126,4.28184541358214,0.5160380058465575,1,False,False
2088_CMR5_SP126,3.297712760721025,3.7154942027730042,1,False,False
2089_CMR5_SP126,5.623178347921882,1.279167869654282,1,False,False
2090_CMR5_SP126,0.7506985941547811,0.9853606876675299,1,False,False
2091_CMR5_SP126,1.0350429378941808,2.632943125977765,1,False,False
2092_CMR5_SP126,5.713032548489607,-1.414442016544688,1,False,False
2093_CMR5_SP126,4.603418431555033,3.123676727252454,1,False,False
2094_CMR5_SP126,4.236194074723818,0.9683727992297717,1,False,False
2095_CMR5_SP126,4.634347678232801,1.7858108311103633,1,False,False
2096_CMR5_SP126,3.9757190326243492,-2.990399193755968,1,False,False
2097_CMR5_SP126,5.436467955784235,0.6748614990521412,1,False,False
2098_CMR5_SP126,3.33076344700527,-0.3688141326619683,1,False,False
2099_CMR5_SP126,3.0297375722656588,-1.7892292819067948,1,False,False
2100_CMR5_SP126,3.435380719323841,0.5400549109608123,1,False,False
2015_ECE3_SP126,-0.4350763454061625,0.6141382118134523,0,False,False
2016_ECE3_SP126,-0.8481298997554324,-1.338918888013771,0,False,False
2017_ECE3_SP126,4.145670052417645,-1.7225998703822665,1,False,False
2018_ECE3_SP126,0.8833910940463517,0.6668724174767652,1,False,False
2019_ECE3_SP126,-0.6101482534163508,0.5339115298646341,0,False,False
2020_ECE3_SP126,0.30438256950489256,-2.381553135542977,0,False,False
2021_ECE3_SP126,-0.28196883668790734,-1.345829855145592,0,False,False
2022_ECE3_SP126,2.0136795851649407,-1.3848716857336718,1,False,False
2023_ECE3_SP126,0.4868584688022057,-0.9444116371168944,1,False,False
2024_ECE3_SP126,-1.2294926168581666,-1.8504294125284746,0,False,False
2025_ECE3_SP126,-0.7512427122600576,-2.3627432295579656,0,False,False
2026_ECE3_SP126,1.0591562886836912,0.4945971196719964,1,False,False
2027_ECE3_SP126,1.281872255687395,-3.382534404355568,1,False,False
2028_ECE3_SP126,0.4580688571384351,2.295407916532964,1,False,False
2029_ECE3_SP126,-2.7379295790546276,-1.246091068381425,0,False,False
2030_ECE3_SP126,2.189121669602683,-1.5902511689074554,1,False,False
2031_ECE3_SP126,0.45182088972696643,-2.972475204637692,0,False,False
2032_ECE3_SP126,-1.8955968562591177,6.720225395268566,0,False,False
2033_ECE3_SP126,1.7331532863641346,1.3802132586597362,1,False,False
2034_ECE3_SP126,-0.447984552789761,-2.6797131664365894,0,False,False
2035_ECE3_SP126,2.0005638081785175,-1.6774275845973596,1,False,False
2036_ECE3_SP126,1.7555798121057207,3.0968309835992165,1,False,False
2037_ECE3_SP126,0.42406228596926077,-0.7798859256246864,1,False,False
2038_ECE3_SP126,1.5467130951643813,-3.354622948160907,1,False,False
2039_ECE3_SP126,1.65962380399917,-2.995404167630343,1,False,False
2040_ECE3_SP126,2.8732200374647414,0.48078522103714705,1,False,False
2041_ECE3_SP126,1.8219079330380756,-2.1197575861149693,1,False,False
2042_ECE3_SP126,-0.1160771622508517,-3.2104301547691745,0,False,False
2043_ECE3_SP126,3.991876071776664,3.0340320044174196,1,False,False
2044_ECE3_SP126,4.071357970529767,0.12852282959950362,1,False,False
2045_ECE3_SP126,2.912259243358696,-0.9601233737809981,1,False,False
2046_ECE3_SP126,1.148044226104887,3.9163227060683106,1,False,False
2047_ECE3_SP126,-1.218745109577329,2.725115236935539,0,False,False
2048_ECE3_SP126,3.3124656436397326,-1.9774301667488496,1,False,False
2049_ECE3_SP126,1.984561586837434,-0.43488463817544665,1,False,False
2050_ECE3_SP126,3.24829669108837,-0.6807295871336865,1,False,False
2051_ECE3_SP126,3.7508150288837103,-1.0663637477310288,1,False,False
2052_ECE3_SP126,-0.1022833230366033,-2.2292652459112605,0,False,False
2053_ECE3_SP126,2.647599485630308,-1.1557303200395381,1,False,False
2054_ECE3_SP126,1.7826856732342413,-0.03237665075566516,1,False,True
2055_ECE3_SP126,-0.9729986668362922,0.9311274875956411,0,False,False
2056_ECE3_SP126,-0.8128078826183412,-1.4518380820052028,0,False,False
2057_ECE3_SP126,0.10848014185686465,-0.33759347700653725,1,False,False
2058_ECE3_SP126,0.32783749720507427,-3.655106031048123,0,False,False
2059_ECE3_SP126,0.4680401085602468,-2.459816188744041,1,False,False
2060_ECE3_SP126,0.8877039483678846,0.09698251238443835,1,False,False
2061_ECE3_SP126,1.8520386996036642,-3.1388842397061563,1,False,False
2062_ECE3_SP126,-0.600890476565828,-3.993184368805869,0,False,False
2063_ECE3_SP126,1.3342881316767476,1.6255993877187693,1,False,False
2064_ECE3_SP126,3.979726173088463,-0.5682695072619351,1,False,False
2065_ECE3_SP126,0.5315365752905803,1.1000240241868184,1,False,False
2066_ECE3_SP126,1.9349141307840623,-3.1618668262227954,1,False,False
2067_ECE3_SP126,6.122893257284179,2.4202121684149986,1,False,False
2068_ECE3_SP126,2.9796210277770054,4.235218151343796,1,False,False
2069_ECE3_SP126,2.205972743904482,6.6279985852410865,1,False,False
2070_ECE3_SP126,1.2210081198654463,-2.930336810560288,1,False,False
2071_ECE3_SP126,3.645478555483831,-1.3568261893065439,1,False,False
2072_ECE3_SP126,2.369645120870551,-1.5822485281619367,1,False,False
2073_ECE3_SP126,1.2109134868465896,1.8300006794716863,1,False,False
2074_ECE3_SP126,0.6929423521877945,-0.5052073526588752,1,False,False
2075_ECE3_SP126,3.1436281623772633,3.926545328231091,1,False,False
2076_ECE3_SP126,4.5398274563352246,1.6410304195343157,1,False,False
2077_ECE3_SP126,2.2878103413945734,-2.2953718240389454,1,False,False
2078_ECE3_SP126,1.57946380024198,-0.6667536732509064,1,False,False
2079_ECE3_SP126,0.8897700944473048,0.024866986667451657,1,False,False
2080_ECE3_SP126,2.2299649195294777,0.9389980209657258,1,False,False
2081_ECE3_SP126,2.718692080489064,5.686088366028269,1,False,False
2082_ECE3_SP126,-3.729257304097446,-3.5262677800677538,0,False,False
2083_ECE3_SP126,1.981767962020423,-0.38211776317740925,1,False,False
2084_ECE3_SP126,0.062299997801240146,-1.9117743502527298,0,False,False
2085_ECE3_SP126,-2.9007001190913133,3.4639615319721275,0,False,False
2086_ECE3_SP126,0.7203909232451663,2.2942389441344435,1,False,False
2087_ECE3_SP126,-0.0781004345375101,-0.10555270832764123,0,False,False
2088_ECE3_SP126,-1.961743729790383,0.1255023737272405,0,False,False
2089_ECE3_SP126,-3.1488128701180975,-1.4651757739315923,0,False,False
2090_ECE3_SP126,1.5492219992513632,0.6927383155967934,1,False,False
2091_ECE3_SP126,0.4475708196987848,0.9693209320969285,1,False,False
2092_ECE3_SP126,-1.285773812071585,1.5170090535469272,0,False,False
2093_ECE3_SP126,-1.6073875649045641,-2.084291989751254,0,False,False
2094_ECE3_SP126,2.8574148599302855,3.5727725080520445,1,False,False
2095_ECE3_SP126,-0.13216597584632064,1.8701400516991848,1,False,False
2096_ECE3_SP126,-0.10609598789499874,-0.9030159127173398,0,False,False
2097_ECE3_SP126,4.020707836756085,-0.44919749381511254,1,False,False
2098_ECE3_SP126,2.125733978044785,-1.5488116836325907,1,False,False
2099_ECE3_SP126,0.2949698753813406,1.2215877778431814,1,False,False
2100_ECE3_SP126,-2.087593922703524,4.023660933667691,0,False,False
2015_MEHR_SP126,-2.5738987724646227,-3.360282815519054,0,False,False
2016_MEHR_SP126,0.563253036442532,-1.4553078626563218,1,False,False
2017_MEHR_SP126,-2.316490730713954,1.1737438460353566,0,False,False
2018_MEHR_SP126,-5.537506375176114,-5.130383739905406,0,False,False
2019_MEHR_SP126,-5.754998999996745,-1.6109710007861873,0,False,False
2020_MEHR_SP126,-0.7266593013025675,-2.520178450890003,0,False,False
2021_MEHR_SP126,-3.3886963994015935,-0.7387185352625956,0,False,False
2022_MEHR_SP126,-1.0047532015174863,-1.6300735460618045,0,False,False
2023_MEHR_SP126,-1.1545784413539661,-0.8689542690649321,0,False,False
2024_MEHR_SP126,0.0918894243259779,-3.5674071060292727,0,False,False
2025_MEHR_SP126,-2.265932617693541,1.0101400996068053,0,False,False
2026_MEHR_SP126,-3.0612407410949167,-1.1321465993461548,0,False,False
2027_MEHR_SP126,-2.421371342756812,-2.5377751608086934,0,False,False
2028_MEHR_SP126,-1.6411869523283187,-0.6132436145475989,0,False,True
2029_MEHR_SP126,-0.6723140975484457,-0.895898876972262,0,False,False
2030_MEHR_SP126,-5.780502933096144,-1.9669284807901017,0,False,False
2031_MEHR_SP126,-5.380202869957014,-0.8712944825753215,0,False,False
2032_MEHR_SP126,-4.999388886373167,0.86102132327848,0,False,False
2033_MEHR_SP126,-3.029351704102037,1.5033341804135032,0,False,False
2034_MEHR_SP126,-4.7573653608828375,0.6570127356052015,0,False,False
2035_MEHR_SP126,-3.659885711990854,-1.5407994012794806,0,False,False
2036_MEHR_SP126,-2.759252545960772,0.24622879209274046,0,False,False
2037_MEHR_SP126,-1.0112984309386288,-1.0636757158962211,0,False,False
2038_MEHR_SP126,-2.8446680574558956,1.2896314620344078,0,False,False
2039_MEHR_SP126,-1.2481491243634752,-2.6225967106087302,0,False,False
2040_MEHR_SP126,-0.5216506154356099,-0.15612620994260445,0,False,False
2041_MEHR_SP126,-1.1689342376914438,-5.076211361792007,0,False,False
2042_MEHR_SP126,3.2797694484914066,1.4504399885023276,1,False,False
2043_MEHR_SP126,-2.0935258721171524,1.3834443306892996,0,False,False
2044_MEHR_SP126,-0.039045986690080074,0.5334138809930415,1,False,False
2045_MEHR_SP126,-2.472243157865822,3.7103503805024896,0,False,False
2046_MEHR_SP126,-0.7167858026197127,4.954516216324657,1,False,False
2047_MEHR_SP126,-2.250075421804295,-2.4587962489327966,0,False,False
2048_MEHR_SP126,-1.2412918743384025,-3.0799079486334087,0,False,False
2049_MEHR_SP126,1.2742356740871312,-4.591859107975553,1,False,False
2050_MEHR_SP126,-3.1480859082602874,-2.2688513319451813,0,False,False
2051_MEHR_SP126,-1.5350386358592756,-0.7344297236851087,0,False,True
2052_MEHR_SP126,-1.962826190286333,-0.9682450684919931,0,False,True
2053_MEHR_SP126,-4.296717933645245,-2.108738880984824,0,False,False
2054_MEHR_SP126,2.7960587753368276,0.21286338275438813,1,False,False
2055_MEHR_SP126,1.8580151608456699,-2.8938272848344653,1,False,False
2056_MEHR_SP126,-0.9896998936673367,-2.419890122129033,0,False,False
2057_MEHR_SP126,-2.9260228241842454,-2.0214561246281946,0,False,False
2058_MEHR_SP126,0.0346557998872753,-2.538942437492697,0,False,False
2059_MEHR_SP126,-4.145171074965098,-1.3471618779271322,0,False,False
2060_MEHR_SP126,-1.630351226182478,-4.665981151622181,0,False,False
2061_MEHR_SP126,-2.5270806364241922,-0.121107545722942,0,False,False
2062_MEHR_SP126,1.6066262718248214,-1.6487919393049688,1,False,False
2063_MEHR_SP126,2.0480827484336857,2.8326346557718898,1,False,False
2064_MEHR_SP126,-1.6054657525894185,0.2584509522005088,0,False,False
2065_MEHR_SP126,-2.7551883972002367,-4.739701460222296,0,False,False
2066_MEHR_SP126,-0.7925235939515268,-4.789386620037148,0,False,False
2067_MEHR_SP126,2.1054540136681936,4.136854882287452,1,False,False
2068_MEHR_SP126,1.7789944199818166,0.3685559377547928,1,False,True
2069_MEHR_SP126,-2.9014249482778016,0.7927460307867459,0,False,False
2070_MEHR_SP126,1.016697886522011,-1.5090283783206389,1,False,False
2071_MEHR_SP126,-0.6233678957289726,-0.28725472280458403,0,False,False
2072_MEHR_SP126,-0.7265845192820289,-2.5416161870951433,0,False,False
2073_MEHR_SP126,-1.9490867560205598,-0.7748999611681865,0,False,True
2074_MEHR_SP126,-5.205251100958814,0.4849751987446616,0,False,False
2075_MEHR_SP126,-0.3644384899376318,-1.2340084044734245,0,False,False
2076_MEHR_SP126,-4.590945070543947,-1.5799416184996533,0,False,False
2077_MEHR_SP126,-4.010645817996274,-2.3242320621318187,0,False,False
2078_MEHR_SP126,-2.6498262541835755,-4.698109022045584,0,False,False
2079_MEHR_SP126,-5.531487798699268,1.4339398575287976,0,False,False
2080_MEHR_SP126,-5.852895412186779,-2.1657019222311944,0,False,False
2081_MEHR_SP126,2.216749517191758,-1.1923217460665358,1,False,False
2082_MEHR_SP126,-0.02683385833118741,-2.7052031762825286,0,False,False
2083_MEHR_SP126,-2.7712330844786974,-3.698529211364719,0,False,False
2084_MEHR_SP126,-1.0063314589639012,-2.1544754180436656,0,False,False
2085_MEHR_SP126,0.28662451835149505,-6.21357961805466,0,False,False
2086_MEHR_SP126,1.135419265708794,1.0108023106303727,1,False,False
2087_MEHR_SP126,-2.9220623254315514,-1.6173848380872629,0,False,False
2088_MEHR_SP126,-1.2858799493425732,-0.955524277793587,0,False,False
2089_MEHR_SP126,-1.6184451855161195,-0.2661890228490693,0,False,True
2090_MEHR_SP126,-5.043991937904474,0.7187946527945385,0,False,False
2091_MEHR_SP126,-5.889667839435099,-2.1342192358883305,0,False,False
2092_MEHR_SP126,-2.9219602441802905,-5.677489194355829,0,False,False
2093_MEHR_SP126,1.0225951189005518,-1.418996777184879,1,False,False
2094_MEHR_SP126,-1.2516392413136885,-4.64341127043453,0,False,False
2095_MEHR_SP126,-1.50697236541584,0.5430914587633997,0,False,False
2096_MEHR_SP126,-3.29571237443854,-0.2004804008492184,0,False,False
2097_MEHR_SP126,-3.0194852777968197,-1.068945307402512,0,False,False
2098_MEHR_SP126,1.82093046955677,0.40620390466225065,1,False,True
2099_MEHR_SP126,-0.8601393331621282,-2.818656721302825,0,False,False
2100_MEHR_SP126,-1.017757713697957,0.030635077970667484,0,False,False
2015_MRM2_SP126,-1.1482790940177388,1.5254079421134643,0,False,False
2016_MRM2_SP126,1.123432240871313,-0.6526385121948433,1,False,False
2017_MRM2_SP126,-2.6413385219265724,-0.9537360345101032,0,False,False
2018_MRM2_SP126,-2.0730000094499275,1.1741322604604225,0,False,False
2019_MRM2_SP126,-2.9917258508687796,2.3941383969140264,0,False,False
2020_MRM2_SP126,-3.61509188255352,5.431390018082513,0,False,False
2021_MRM2_SP126,-2.01398255663033,1.3900160237204824,0,False,False
2022_MRM2_SP126,-2.0250921016075223,-1.0783243176343125,0,False,False
2023_MRM2_SP126,-1.1224893559243585,-0.2509033645408691,0,False,False
2024_MRM2_SP126,0.7115729355533118,1.8800046253636482,1,False,False
2025_MRM2_SP126,-1.5822786785270226,0.1742829039712998,0,False,False
2026_MRM2_SP126,0.6795624691563985,2.5183806312961696,1,False,False
2027_MRM2_SP126,2.014662526206732,-0.7110886926782755,1,False,False
2028_MRM2_SP126,-0.22345255169590184,1.2739220077373492,0,False,False
2029_MRM2_SP126,-1.5807427832066374,-0.7302557500918893,0,False,True
2030_MRM2_SP126,-1.9679690354961312,-1.7254036903332886,0,False,False
2031_MRM2_SP126,-2.706965564654426,-2.68575688068403,0,False,False
2032_MRM2_SP126,-0.4167122941723283,2.1826979438586034,0,False,False
2033_MRM2_SP126,-1.116587358478161,0.8007140237978636,0,False,False
2034_MRM2_SP126,-0.18374798931116867,3.245532081183095,1,False,False
2035_MRM2_SP126,-1.1314549988606963,-0.49977999851207494,0,False,False
2036_MRM2_SP126,-3.6058769024079647,6.586867436551476,0,False,False
2037_MRM2_SP126,-1.198673974740992,-1.357133522948287,0,False,False
2038_MRM2_SP126,-2.102856241236388,6.307795338443043,0,False,False
2039_MRM2_SP126,-1.4270777553609661,6.267807275475734,0,False,False
2040_MRM2_SP126,-0.9040338841366246,1.0295672779904042,0,False,False
2041_MRM2_SP126,-1.9389088978754065,0.7660170602144919,0,False,False
2042_MRM2_SP126,-1.5177000604068276,-2.2380014390287886,0,False,False
2043_MRM2_SP126,-2.5908186565622686,-1.2300456279884329,0,False,False
2044_MRM2_SP126,-1.6110386945270276,-0.0016690178876099626,0,False,False
2045_MRM2_SP126,-3.5669457097635595,10.616732692373665,0,False,False
2046_MRM2_SP126,-0.4140030525641669,0.7771869793532252,0,False,False
2047_MRM2_SP126,-2.2134727675419428,1.1185371133492046,0,False,False
2048_MRM2_SP126,-1.8827504538341353,0.5421331768397797,0,False,False
2049_MRM2_SP126,-1.667953033837396,3.041049169177867,0,False,False
2050_MRM2_SP126,-1.567004151951597,1.4553944155831176,0,False,False
2051_MRM2_SP126,-1.4167284340718547,-3.358029776990014,0,False,False
2052_MRM2_SP126,-1.889871277853015,-0.5450619704072883,0,True,True
2053_MRM2_SP126,-0.9417715645346583,2.54018589189738,0,False,False
2054_MRM2_SP126,0.5652371199306905,0.8870564610973795,1,False,False
2055_MRM2_SP126,-0.6073543143726389,1.7984594721119662,0,False,False
2056_MRM2_SP126,-1.4853015323780943,1.8655039453831213,0,False,False
2057_MRM2_SP126,-1.6295952639441205,0.021225830069354263,0,False,False
2058_MRM2_SP126,-1.3079911870335952,-2.075146754068368,0,False,False
2059_MRM2_SP126,0.06685353343057232,0.1570314936659765,1,False,False
2060_MRM2_SP126,0.7399754802864776,1.0122646733665388,1,False,False
2061_MRM2_SP126,0.9439686081947547,2.4609579202737484,1,False,False
2062_MRM2_SP126,-3.147873466323537,-1.8437179410565632,0,False,False
2063_MRM2_SP126,-1.7794589292394944,-1.2108987293141487,0,False,False
2064_MRM2_SP126,-3.4233348638768413,4.5502392281282935,0,False,False
2065_MRM2_SP126,-0.5781827925281455,-2.0326356083024475,0,False,False
2066_MRM2_SP126,0.13546147928778296,3.4981944644874163,1,False,False
2067_MRM2_SP126,-1.9487745747340879,5.018935183787591,0,False,False
2068_MRM2_SP126,-0.5096700310897139,4.723455631604184,1,False,False
2069_MRM2_SP126,-3.23922206848673,10.985828621811146,0,False,False
2070_MRM2_SP126,-0.9513318092478396,-1.4175690474065106,0,False,False
2071_MRM2_SP126,-1.9119138102135094,-1.2367632387916752,0,False,False
2072_MRM2_SP126,-7.5646832887818,7.411365975624875,0,False,False
2073_MRM2_SP126,-3.3173766773983124,3.7721878576170758,0,False,False
2074_MRM2_SP126,-2.081962503799313,0.06602826255425039,0,False,False
2075_MRM2_SP126,0.36529110970137746,3.869819003657099,1,False,False
2076_MRM2_SP126,-1.2263927398063983,0.23137296874002522,0,False,False
2077_MRM2_SP126,-1.2369683329127814,-1.721572431297502,0,False,False
2078_MRM2_SP126,-0.7849854238161461,2.9566681132302746,0,False,False
2079_MRM2_SP126,0.4292478882432956,0.6687955286745324,1,False,False
2080_MRM2_SP126,-5.2535595148490115,4.53003303991247,0,False,False
2081_MRM2_SP126,-3.3922762897805483,-0.8777228627387593,0,False,False
2082_MRM2_SP126,-4.12605989610908,2.352299564113482,0,False,False
2083_MRM2_SP126,-3.103821941477432,-1.4532351428069676,0,False,False
2084_MRM2_SP126,-1.654916895177647,0.2911033234482155,0,False,False
2085_MRM2_SP126,0.48973523550546605,-0.17751454038407477,1,False,False
2086_MRM2_SP126,-4.119718687249501,-0.3749045772865847,0,False,False
2087_MRM2_SP126,-1.0790625770423143,1.634539173508323,0,False,False
2088_MRM2_SP126,-4.177950900702371,3.2184528349186348,0,False,False
2089_MRM2_SP126,-4.669679047676715,2.593501048716041,0,False,False
2090_MRM2_SP126,-4.437849909734015,3.143380889972022,0,False,False
2091_MRM2_SP126,-4.7373609255565485,4.329084001478388,0,False,False
2092_MRM2_SP126,-3.622291048342144,-0.7874728308732994,0,False,False
2093_MRM2_SP126,-2.3517087033775397,5.828135018064782,0,False,False
2094_MRM2_SP126,-2.952073644157691,4.798708142453233,0,False,False
2095_MRM2_SP126,-3.398229184206773,0.5027303729875021,0,False,False
2096_MRM2_SP126,-2.4583750098358417,3.0785210574548385,0,False,False
2097_MRM2_SP126,-1.687086807341745,2.4662157723789666,0,False,False
2098_MRM2_SP126,-2.370704741895594,1.3412753824634713,0,False,False
2099_MRM2_SP126,-1.5550630781339663,1.4860013565466277,0,False,False
2100_MRM2_SP126,-1.6661345653023631,-2.457549958901771,0,False,False
2015_AWCM_SP245,-3.0217135368814803,-0.6256252728316584,0,False,False
2016_AWCM_SP245,-3.5742635239872875,-3.862437783752969,0,False,False
2017_AWCM_SP245,0.672996259903997,1.7181713646775256,1,False,False
2018_AWCM_SP245,0.46020298832936335,-0.9672069017458319,1,False,False
2019_AWCM_SP245,1.0437836190569996,-1.4777702920210665,1,False,False
2020_AWCM_SP245,0.858800998544065,4.330591239553241,1,False,False
2021_AWCM_SP245,-2.968982229620244,2.307870980185131,0,False,False
2022_AWCM_SP245,0.14775393303366258,-1.1699668886955452,0,False,False
2023_AWCM_SP245,-1.1709720759554596,-0.7502443959024883,0,False,False
2024_AWCM_SP245,0.04620734661788822,0.2018106292027053,1,False,False
2025_AWCM_SP245,-2.369840353169087,2.6073189367550764,0,False,False
2026_AWCM_SP245,-0.42963169301841025,-0.8791136332302651,0,False,False
2027_AWCM_SP245,1.858401591915395,-2.202388960717896,1,False,False
2028_AWCM_SP245,-1.4105345703967933,2.4818420809983244,0,False,False
2029_AWCM_SP245,1.5129771380314307,-0.4269378030229734,1,False,False
2030_AWCM_SP245,0.10156025324872323,1.7765370030671546,1,False,False
2031_AWCM_SP245,-0.9639191333047537,-2.580157662182644,0,False,False
2032_AWCM_SP245,0.1640937512114613,-2.698530569520848,0,False,False
2033_AWCM_SP245,1.293317632479978,-2.2785601448627957,1,False,False
2034_AWCM_SP245,0.5114108923909095,2.226551473135594,1,False,False
2035_AWCM_SP245,0.14976313215862788,-0.865736365934236,1,False,False
2036_AWCM_SP245,-0.5931531510015022,-3.1159339073430323,0,False,False
2037_AWCM_SP245,0.9622027817451015,3.0520473784955917,1,False,False
2038_AWCM_SP245,-3.2697230387521117,4.978885769097676,0,False,False
2039_AWCM_SP245,1.3083932366545936,-1.2062537310512573,1,False,False
2040_AWCM_SP245,-0.9316533236468498,-3.275320067704428,0,False,False
2041_AWCM_SP245,-0.4649542772191995,1.3819484765638566,0,False,False
2042_AWCM_SP245,1.5810755479602532,0.055784369931133976,1,False,True
2043_AWCM_SP245,-0.7741726789162379,-2.3184005316788627,0,False,False
2044_AWCM_SP245,1.541513274985696,-2.402597452501525,1,False,False
2045_AWCM_SP245,2.76117655249757,-1.7502258590234898,1,False,False
2046_AWCM_SP245,0.279600726924418,0.2726500792223275,1,False,False
2047_AWCM_SP245,4.663358262690158,2.5817323057581123,1,False,False
2048_AWCM_SP245,3.1402829963847183,1.6804516227684498,1,False,False
2049_AWCM_SP245,2.4198647593182736,-3.1042824241674176,1,False,False
2050_AWCM_SP245,0.5660140345510439,-1.5834118621556954,1,False,False
2051_AWCM_SP245,-0.1508847312435376,-2.636189303966265,0,False,False
2052_AWCM_SP245,2.065400588667735,0.6233493366877089,1,False,False
2053_AWCM_SP245,1.3463958653318537,2.739325933072316,1,False,False
2054_AWCM_SP245,4.291775307114181,-1.7976709951690728,1,False,False
2055_AWCM_SP245,3.5849034863595586,-0.8201175930758201,1,False,False
2056_AWCM_SP245,3.0423447839219913,-0.6987305846791747,1,False,False
2057_AWCM_SP245,1.6595301074821711,-1.8279212790459456,1,False,False
2058_AWCM_SP245,1.9628195794899082,1.676290361692774,1,False,False
2059_AWCM_SP245,-0.9228652888710779,0.2621513554539011,0,False,False
2060_AWCM_SP245,4.472394987746298,-1.169947974331341,1,False,False
2061_AWCM_SP245,-0.7150984086132497,-1.7322897289666037,0,False,False
2062_AWCM_SP245,3.7192454632316796,0.887629978066085,1,False,False
2063_AWCM_SP245,0.03613663613633101,-3.273750272815292,0,False,False
2064_AWCM_SP245,-1.025720124988051,-2.163325971068993,0,False,False
2065_AWCM_SP245,1.2028814709862565,-0.4707179448446462,1,False,False
2066_AWCM_SP245,1.4391907493762677,-3.299634301339532,1,False,False
2067_AWCM_SP245,2.017584092889658,3.2846510663073594,1,False,False
2068_AWCM_SP245,3.4661411479582154,-3.1704538288237405,1,False,False
2069_AWCM_SP245,5.620667219293924,0.10020301060570198,1,False,False
2070_AWCM_SP245,1.302876268113825,-2.098616344548051,1,False,False
2071_AWCM_SP245,2.6958382385330792,-3.6882342435019173,1,False,False
2072_AWCM_SP245,2.9357733499130294,2.007284968963498,1,False,False
2073_AWCM_SP245,4.560917078034964,-2.409470669657303,1,False,False
2074_AWCM_SP245,6.507896982645074,0.9626534446829287,1,False,False
2075_AWCM_SP245,3.8904996049748735,5.184431342368744,1,False,False
2076_AWCM_SP245,4.1430553384834194,0.6646787141293548,1,False,False
2077_AWCM_SP245,1.557855554336447,-2.097440106062422,1,False,False
2078_AWCM_SP245,3.0367216547715774,-1.0095960693077262,1,False,False
2079_AWCM_SP245,4.720315362852606,0.5593768508576311,1,False,False
2080_AWCM_SP245,-0.046123365269889506,2.2573306080608004,1,False,False
2081_AWCM_SP245,4.200319754772391,-2.3232990276387393,1,False,False
2082_AWCM_SP245,2.0211490450376637,-4.9151541530776255,1,False,False
2083_AWCM_SP245,5.449695303105837,1.2348843541347458,1,False,False
2084_AWCM_SP245,4.354621720250085,0.6049036097404228,1,False,False
2085_AWCM_SP245,3.5853539994980257,-2.5977603143475214,1,False,False
2086_AWCM_SP245,2.5567923925440024,-1.8467499439893822,1,False,False
2087_AWCM_SP245,0.44909366802942413,-1.4925180122644814,1,False,False
2088_AWCM_SP245,4.014355203410334,-0.6376875353458239,1,False,False
2089_AWCM_SP245,-1.100085737863993,-1.742260795841035,0,False,False
2090_AWCM_SP245,1.559838054912267,-1.662110470327235,1,False,False
2091_AWCM_SP245,-0.694184592819582,0.8182607033640101,0,False,False
2092_AWCM_SP245,5.720554925718995,-2.404232820093438,1,False,False
2093_AWCM_SP245,4.827796505954193,-2.5828105067229252,1,False,False
2094_AWCM_SP245,6.590828696794092,3.0537198056035977,1,False,False
2095_AWCM_SP245,7.876967610034517,1.7564195403860965,1,False,False
2096_AWCM_SP245,1.0800909881535135,-2.490394922395604,1,False,False
2097_AWCM_SP245,6.512669046193571,2.5702052599327603,1,False,False
2098_AWCM_SP245,5.190461487277827,-1.3769316750694824,1,False,False
2099_AWCM_SP245,3.204498874138887,0.2683383047415782,1,False,False
2100_AWCM_SP245,4.812080860933803,-0.8235987692983193,1,False,False
2015_BCCS_SP245,-0.9809027681029138,0.949860323208749,0,False,False
2016_BCCS_SP245,-7.312771289634354,-0.13308385057285763,0,False,False
2017_BCCS_SP245,-2.7708882817446305,0.48756476232309726,0,False,False
2018_BCCS_SP245,-3.8128995855907495,1.1717000747916642,0,False,False
2019_BCCS_SP245,-4.091856531057819,0.9191494880652413,0,False,False
2020_BCCS_SP245,-4.459019426461106,-0.22955526184745573,0,False,False
2021_BCCS_SP245,-0.4847835354973076,-3.1887252897222726,0,False,False
2022_BCCS_SP245,-0.1580042293683167,2.991341662025456,1,False,False
2023_BCCS_SP245,3.275779712272061,0.8070633675640863,1,False,False
2024_BCCS_SP245,-2.2872013704384027,2.3848362098214957,0,False,False
2025_BCCS_SP245,-3.8735826053045295,0.6856249598673114,0,False,False
2026_BCCS_SP245,-1.3075011830437904,0.8706846563277285,0,False,False
2027_BCCS_SP245,0.07349974619397534,-1.3809848396481685,0,False,False
2028_BCCS_SP245,2.4859068610751227,0.8266452105549393,1,False,False
2029_BCCS_SP245,-0.9240873442016144,2.5473644810785427,0,False,False
2030_BCCS_SP245,-1.2312952534916755,3.2476829828024805,0,False,False
2031_BCCS_SP245,4.110960434712851,-0.3568761653737004,1,False,False
2032_BCCS_SP245,1.2834153845679028,-2.304949633410805,1,False,False
2033_BCCS_SP245,1.0798558577858388,-0.03719610012260467,1,False,False
2034_BCCS_SP245,-2.021356708685776,-4.465324560728173,0,False,False
2035_BCCS_SP245,0.5483401832916726,4.068168008918899,1,False,False
2036_BCCS_SP245,1.8913356761051145,0.25960108621457806,1,False,True
2037_BCCS_SP245,-0.06567802222852383,0.8869629575418468,1,False,False
2038_BCCS_SP245,2.9591952462890014,-2.233313017532724,1,False,False
2039_BCCS_SP245,-0.667519491002391,0.008204016662364238,0,False,False
2040_BCCS_SP245,-0.9445844577625707,-1.9772272246283287,0,False,False
2041_BCCS_SP245,-1.9313660062846976,1.622480441573908,0,False,False
2042_BCCS_SP245,0.7626605556973447,2.890911425358568,1,False,False
2043_BCCS_SP245,2.047891901900677,0.3761052727678057,1,False,True
2044_BCCS_SP245,0.9051199855623241,-2.7974366862952444,1,False,False
2045_BCCS_SP245,-2.4490446609640144,3.154509992477266,0,False,False
2046_BCCS_SP245,-1.3657797908982547,1.6956066961598137,0,False,False
2047_BCCS_SP245,3.8238133275901527,2.5671217693200794,1,False,False
2048_BCCS_SP245,1.1729360522580992,-0.2523221249783298,1,False,False
2049_BCCS_SP245,1.9008386209144246,3.8302082583154613,1,False,False
2050_BCCS_SP245,-2.9966898477805124,-0.21478167399213063,0,False,False
2051_BCCS_SP245,-4.417896048159549,2.895044798878276,0,False,False
2052_BCCS_SP245,2.217611340863582,0.07747685935047764,1,False,True
2053_BCCS_SP245,2.0540057147865585,-1.6009521074858313,1,False,False
2054_BCCS_SP245,2.44578761241987,2.2064354532141794,1,False,False
2055_BCCS_SP245,3.3580035426721033,-2.4586352948552124,1,False,False
2056_BCCS_SP245,1.6184341183656166,-2.474662878505794,1,False,False
2057_BCCS_SP245,5.6483569134703515,-0.27217862082387445,1,False,False
2058_BCCS_SP245,2.439231791728037,0.6048677921320323,1,False,False
2059_BCCS_SP245,1.3017789688881338,-3.0737800902821837,1,False,False
2060_BCCS_SP245,4.429975570487866,0.46093792892547514,1,False,False
2061_BCCS_SP245,-0.4583661439446556,0.5349578771611713,0,False,False
2062_BCCS_SP245,1.8751971926808724,-0.21941893981706637,1,False,True
2063_BCCS_SP245,3.0542951101308278,3.6718764583946055,1,False,False
2064_BCCS_SP245,1.6244913197128812,-0.7813294379230312,1,False,False
2065_BCCS_SP245,1.0716081018923125,-2.3134177386940595,1,False,False
2066_BCCS_SP245,2.155329127508213,0.5140322460802771,1,False,True
2067_BCCS_SP245,2.3047060164497672,3.242761780979222,1,False,False
2068_BCCS_SP245,-0.5488074332423861,-1.5834611378884444,0,False,False
2069_BCCS_SP245,3.720458105093943,-2.6839417186410595,1,False,False
2070_BCCS_SP245,2.2743814251146617,0.333614663419288,1,False,True
2071_BCCS_SP245,1.4625681735115308,0.5253285547786205,1,False,False
2072_BCCS_SP245,0.9277640552922749,2.3497478132028173,1,False,False
2073_BCCS_SP245,2.2281406563956856,-0.1547518570151903,1,False,True
2074_BCCS_SP245,0.39797738264219734,-2.028316214272222,1,False,False
2075_BCCS_SP245,-1.7566976580978706,6.075677663229245,0,False,False
2076_BCCS_SP245,-0.2218737597160615,-3.2568987263406792,0,False,False
2077_BCCS_SP245,0.567728764910251,-3.7692104409226825,0,False,False
2078_BCCS_SP245,-0.7319430806023743,-1.2298797454626862,0,False,False
2079_BCCS_SP245,1.6124103441471564,-1.1118607103338307,1,False,False
2080_BCCS_SP245,-0.5413516296572046,-2.446890243787891,0,False,False
2081_BCCS_SP245,1.7463971833946776,-1.8409826079153169,1,False,False
2082_BCCS_SP245,-1.274331012298467,1.0081143180042775,0,False,False
2083_BCCS_SP245,1.2348723464559397,0.23632032195591118,1,False,False
2084_BCCS_SP245,0.9747035297547465,-0.15316416363972354,1,False,False
2085_BCCS_SP245,1.6852744984493626,-1.0527358030979557,1,False,False
2086_BCCS_SP245,0.21404186921909069,-2.3317305574613614,0,False,False
2087_BCCS_SP245,5.9674814492562005,3.72093716086756,1,False,False
2088_BCCS_SP245,5.5106834520829855,0.9741372536775685,1,False,False
2089_BCCS_SP245,4.151704016503564,-3.8734511890175516,1,False,False
2090_BCCS_SP245,3.051458446913654,-2.8243236088450865,1,False,False
2091_BCCS_SP245,2.241765358857642,1.9978024778597463,1,False,False
2092_BCCS_SP245,4.620917014890657,-0.6203973755744316,1,False,False
2093_BCCS_SP245,-2.473584955970228,0.6491602861383062,0,False,False
2094_BCCS_SP245,2.0302286786966017,2.750704480242202,1,False,False
2095_BCCS_SP245,6.092188909446619,-0.41705718412172393,1,False,False
2096_BCCS_SP245,-1.1984331522027403,-1.9504235099850893,0,False,False
2097_BCCS_SP245,2.92193238198382,5.2186931207498715,1,False,False
2098_BCCS_SP245,1.1985553329435015,-2.0484633474763565,1,False,False
2099_BCCS_SP245,4.981151880917618,0.8595393947664478,1,False,False
2100_BCCS_SP245,-0.8223217634072403,0.6895116706044734,0,False,False
2015_CMR5_SP245,-8.375439771648711,5.460967326477201,0,False,False
2016_CMR5_SP245,-1.555127781189547,-3.287869779144379,0,False,False
2017_CMR5_SP245,-5.5965913687220645,2.8987429057818717,0,False,False
2018_CMR5_SP245,-4.955729121809245,-0.015098092032739086,0,False,False
2019_CMR5_SP245,1.0680581810824286,-0.31648623849530083,1,False,False
2020_CMR5_SP245,-0.9948074765217195,1.6135419264247668,0,False,False
2021_CMR5_SP245,1.5255416527190835,0.9684710408397932,1,False,False
2022_CMR5_SP245,-5.257112303693444,-0.18996160884172855,0,False,False
2023_CMR5_SP245,-5.522645127378174,2.0150947294146238,0,False,False
2024_CMR5_SP245,-1.6605221514012758,-2.8897516736995437,0,False,False
2025_CMR5_SP245,-4.139212423738511,2.8290999728397184,0,False,False
2026_CMR5_SP245,-4.075849952863759,-1.6687706742680724,0,False,False
2027_CMR5_SP245,-3.9411241072322043,-0.8056422639254712,0,False,False
2028_CMR5_SP245,-2.3610324719111793,0.6510387029179869,0,False,False
2029_CMR5_SP245,-2.6773484881864236,-0.7715648860588313,0,False,False
2030_CMR5_SP245,-2.60281641126687,-2.6378648053523337,0,False,False
2031_CMR5_SP245,-0.24455829869016457,-1.0351950845953974,0,False,False
2032_CMR5_SP245,-1.3124126291926277,-3.8706381555445373,0,False,False
2033_CMR5_SP245,-3.7813576230835606,-4.23515203840295,0,False,False
2034_CMR5_SP245,2.677185789169812,-0.49396476562293357,1,False,False
2035_CMR5_SP245,2.0312196036408463,0.8488091582801246,1,False,False
2036_CMR5_SP245,-3.1510860314232114,-2.3783204466001733,0,False,False
2037_CMR5_SP245,0.740663751464413,-4.106399357389341,1,False,False
2038_CMR5_SP245,-1.9840433907044521,-4.28161593196953,0,False,False
2039_CMR5_SP245,0.8863096297186986,0.15498842005363253,1,False,False
2040_CMR5_SP245,-0.8987070287671968,-0.4251231952972046,0,False,False
2041_CMR5_SP245,-2.213436427361131,-2.814183111640093,0,False,False
2042_CMR5_SP245,-1.5631575126931452,2.7281665762762746,0,False,False
2043_CMR5_SP245,-2.732535024088178,1.9224071312186009,0,False,False
2044_CMR5_SP245,-3.6054081308938333,-0.06194535233441336,0,False,False
2045_CMR5_SP245,2.63450587457714,1.4126843773290194,1,False,False
2046_CMR5_SP245,2.601972095191451,-0.521005447972738,1,False,False
2047_CMR5_SP245,1.7585108268290097,-0.41087968389939605,1,False,False
2048_CMR5_SP245,2.687762802499877,-3.0631063895157737,1,False,False
2049_CMR5_SP245,0.49700497210822586,0.034525508538611,1,False,False
2050_CMR5_SP245,-1.1778857110072878,-1.7640485479314503,0,False,False
2051_CMR5_SP245,-0.17729985980287802,-0.07764161202921033,0,False,False
2052_CMR5_SP245,-0.5166792466147316,-3.765103846596631,0,False,False
2053_CMR5_SP245,2.30399484217271,1.1695983213110863,1,False,False
2054_CMR5_SP245,-0.6515695469619125,1.368985469122244,0,False,False
2055_CMR5_SP245,3.1541854298200023,0.8653032485536921,1,False,False
2056_CMR5_SP245,5.459859198469217,0.7382733926021031,1,False,False
2057_CMR5_SP245,2.9286171772731153,-3.118327888539748,1,False,False
2058_CMR5_SP245,-0.6486253498978781,7.345701624904366,1,False,False
2059_CMR5_SP245,3.7738978250362103,1.271482326365289,1,False,False
2060_CMR5_SP245,6.762827980784508,1.000707024716808,1,False,False
2061_CMR5_SP245,4.297491068258435,3.394680204151715,1,False,False
2062_CMR5_SP245,1.4270014928381316,1.3188677744017812,1,False,False
2063_CMR5_SP245,6.610916971782888,1.9516556872164297,1,False,False
2064_CMR5_SP245,2.2982488581709712,-0.5394687919165272,1,False,False
2065_CMR5_SP245,5.523609377856788,4.541924009278192,1,False,False
2066_CMR5_SP245,4.813155460280305,1.9982405318656205,1,False,False
2067_CMR5_SP245,2.0628534005486596,1.9357292375796373,1,False,False
2068_CMR5_SP245,-1.5407648217917902,11.77633952397749,1,False,False
2069_CMR5_SP245,-1.904977533818455,0.4223096133032259,0,False,False
2070_CMR5_SP245,-2.0752354080035427,3.653905566044317,0,False,False
2071_CMR5_SP245,3.3531612094908345,-3.4019173452128846,1,False,False
2072_CMR5_SP245,4.304013482845315,1.645912018465078,1,False,False
2073_CMR5_SP245,3.1023980631908072,-2.360928149658812,1,False,False
2074_CMR5_SP245,4.779724796706306,0.14879619592194304,1,False,False
2075_CMR5_SP245,1.2106143840505308,-1.5668113908252348,1,False,False
2076_CMR5_SP245,5.214070756614259,7.0155906700391,1,False,False
2077_CMR5_SP245,3.679921077301293,-1.2741645266894648,1,False,False
2078_CMR5_SP245,2.568415702861645,0.519353851323951,1,False,False
2079_CMR5_SP245,6.361757374367433,-2.592447411819859,1,False,False
2080_CMR5_SP245,3.658212048451419,-0.3310110816587815,1,False,False
2081_CMR5_SP245,2.1614779533590505,-1.3967575362032036,1,False,False
2082_CMR5_SP245,5.6747765427478996,2.2848277816788483,1,False,False
2083_CMR5_SP245,2.6077555175460163,-3.3315979357810623,1,False,False
2084_CMR5_SP245,4.7448649036600274,-2.224993943949515,1,False,False
2085_CMR5_SP245,7.506761175327301,3.769090185997092,1,False,False
2086_CMR5_SP245,7.030899329703939,3.6579477118052495,1,False,False
2087_CMR5_SP245,8.411482112554426,1.8794975645717478,1,False,False
2088_CMR5_SP245,4.408691145050341,1.9309257096467567,1,False,False
2089_CMR5_SP245,3.4389588222633107,2.4755908804317586,1,False,False
2090_CMR5_SP245,6.896626284939949,2.136605475745005,1,False,False
2091_CMR5_SP245,6.675282410203985,0.6312833223651422,1,False,False
2092_CMR5_SP245,5.486234302541446,-1.3249883332718413,1,False,False
2093_CMR5_SP245,3.8041147055108238,0.6965911600776635,1,False,False
2094_CMR5_SP245,5.8776672361702405,-3.567646052557861,1,False,False
2095_CMR5_SP245,3.6425939908408553,2.5919675406092018,1,False,False
2096_CMR5_SP245,3.6777159342522725,-3.2718216710693926,1,False,False
2097_CMR5_SP245,6.227621667394391,2.6094654906970267,1,False,False
2098_CMR5_SP245,5.728218503832241,-2.173764714443359,1,False,False
2099_CMR5_SP245,6.844676448057012,1.932469829613166,1,False,False
2100_CMR5_SP245,7.323045504543158,1.7483791593241107,1,False,False
2015_ECE3_SP245,0.42269173945993105,-4.006585889481866,0,False,False
2016_ECE3_SP245,-0.8354099658456494,4.202097874062469,0,False,False
2017_ECE3_SP245,-1.5946910632004752,-1.6665202602721538,0,False,False
2018_ECE3_SP245,-4.537968147444016,-4.1110662027425695,0,False,False
2019_ECE3_SP245,1.069128456124351,-1.2122538438242134,1,False,False
2020_ECE3_SP245,-0.7671585340471152,-3.6573566975163314,0,False,False
2021_ECE3_SP245,-1.457087239943362,-0.8586550370132939,0,False,False
2022_ECE3_SP245,-0.6212606625094019,0.5258303853181083,0,False,False
2023_ECE3_SP245,1.1824856357292703,-2.7121530521246444,1,False,False
2024_ECE3_SP245,0.059292895372761674,2.3345879518324013,1,False,False
2025_ECE3_SP245,0.7746608234028571,0.05166207280425335,1,False,False
2026_ECE3_SP245,-0.018852102593257262,-2.2206089889729674,0,False,False
2027_ECE3_SP245,-2.120732279834765,4.25167287459697,0,False,False
2028_ECE3_SP245,0.120484627082547,-4.774543111568064,0,False,False
2029_ECE3_SP245,0.6689606435967079,2.531114455925364,1,False,False
2030_ECE3_SP245,-0.7833661119077194,-0.09173634168566026,0,False,False
2031_ECE3_SP245,-3.511287311508637,6.6056624390699525,0,False,False
2032_ECE3_SP245,2.283142766718844,0.2625371603267657,1,False,True
2033_ECE3_SP245,0.9751893755764205,-0.3409326847423377,1,False,False
2034_ECE3_SP245,-0.04131391403505203,-3.2533912581333637,0,False,False
2035_ECE3_SP245,-1.8691938153152645,-1.1582121757112562,0,False,False
2036_ECE3_SP245,-0.35881407122920983,-2.1296340078458864,0,False,False
2037_ECE3_SP245,-2.421387704745482,1.6152635353056837,0,False,False
2038_ECE3_SP245,-2.1051490775813777,1.4762541250303103,0,False,False
2039_ECE3_SP245,2.1205054953411753,-0.4256645259957233,1,False,False
2040_ECE3_SP245,0.369203230595097,-2.028607929255067,1,False,False
2041_ECE3_SP245,1.9260488685641848,-0.9467412321965335,1,False,False
2042_ECE3_SP245,3.921070753077677,3.7107134569892555,1,False,False
2043_ECE3_SP245,1.5684301553660411,-2.052401602353621,1,False,False
2044_ECE3_SP245,-1.244736227030746,-0.9919245954707553,0,False,False
2045_ECE3_SP245,-0.29207263162991015,0.027686102711074835,0,False,False
2046_ECE3_SP245,-1.359401615633758,-2.127573632336422,0,False,False
2047_ECE3_SP245,-0.3629287659196816,-0.35891438357661387,0,False,False
2048_ECE3_SP245,5.081809594883042,-1.3200601026053385,1,False,False
2049_ECE3_SP245,2.3399021858281492,-0.5595369228166311,1,False,False
2050_ECE3_SP245,2.6925849881575017,-3.0122849459930827,1,False,False
2051_ECE3_SP245,2.5490259784754543,-2.3891066705964,1,False,False
2052_ECE3_SP245,7.423272261296578,0.31643272478566026,1,False,False
2053_ECE3_SP245,0.7735912148843591,-1.3367227147533898,1,False,False
2054_ECE3_SP245,4.251345108315587,-0.25133978266702917,1,False,False
2055_ECE3_SP245,4.391514439277864,-0.7057326886699595,1,False,False
2056_ECE3_SP245,-0.5508018264013056,-0.04755908049889733,0,False,False
2057_ECE3_SP245,2.232310630838976,1.1858748746875776,1,False,False
2058_ECE3_SP245,4.410194128669162,-0.3457500157310287,1,False,False
2059_ECE3_SP245,-0.01694234873165659,6.829073283711025,1,False,False
2060_ECE3_SP245,0.6678950204145772,2.2552921305406626,1,False,False
2061_ECE3_SP245,1.3799767971853896,3.0904496018560095,1,False,False
2062_ECE3_SP245,0.19570462877954284,-0.23646629704594416,1,False,False
2063_ECE3_SP245,1.5245828619276849,0.5465988531479653,1,False,False
2064_ECE3_SP245,1.038844728941089,1.005167996278613,1,False,False
2065_ECE3_SP245,3.635584542476588,-0.2367252530316566,1,False,False
,-4.018960040270474,-1.8699050856178416,0,False,False
,-4.268051191652519,1.9990737779682075,0,False,False
,-4.681517825317551,4.313604937307991,0,False,False
,-2.5425175281942654,0.13787296584007028,0,False,False
,-4.757496377615924,-3.8731907462782362,0,False,False
,-0.6695552057637213,-3.289710289782129,0,False,False
,-1.557488026082931,-1.7604874969052822,0,False,False
,0.21763037464778634,-2.9336677840200687,0,False,False
,-5.209680152648184,-3.3478957409635597,0,False,False
,-7.47467428264367,1.348386555459889,0,False,False
,2.8663361589283816,-0.2475837544830141,1,False,False
,0.4905917553323046,-0.1929705333987812,1,False,False
,-2.4179657719253003,-0.2977082790983853,0,False,False
,-1.6011534011286201,0.9512363140044408,0,False,False
,2.5219004858608365,1.155751819453249,1,False,False
,-2.8384380466059245,-1.5802185967269513,0,False,False
,-5.4084505057088705,0.2167440030229839,0,False,False
,-0.09656884138060787,0.6683574024196529,1,False,False
,-2.0339215938396507,-2.985843192304056,0,False,False
,-1.2267741512269807,-2.4754293042022324,0,False,False
,-3.4044697730013636,-0.5583625886416563,0,False,False
,-2.42997615019984,-1.71716266130502,0,False,False
,-4.3309722097410335,-3.279201675777791,0,False,False
,-1.6539817092394693,-0.9861003377704547,0,False,False
,-4.634063028643118,2.2406750901618513,0,False,False
,0.2544148987233295,2.5370484021135287,1,False,False
,-3.907883793603257,-2.571198834470551,0,False,False
,2.0784953919159883,1.954791876655779,1,False,False
,-4.626274220547538,2.0680926413904244,0,False,False
,3.810516305440503,2.9562201982668332,1,False,False
,-3.837635864393798,-2.9654558355741574,0,False,False
,-1.5145137285303603,1.7901345702768616,0,False,False
,-3.2876086772690494,-1.874381370224273,0,False,False
,0.2959841654179656,1.5804374486540975,1,False,False
,-0.592558426193653,-3.663774053395555,0,False,False
2015_MEHR_SP245,-2.3210458041125324,-2.7449380197087154,0,False,False
2016_MEHR_SP245,-2.3963692964232086,-4.155719991133765,0,False,False
2017_MEHR_SP245,0.14487983289591852,0.3322744411407348,1,False,False
2018_MEHR_SP245,-5.51180270632611,0.9710622174547391,0,False,False
2019_MEHR_SP245,-2.6324509553376183,-2.36109107145226,0,False,False
2020_MEHR_SP245,0.5651843689782652,-2.0653559715613476,1,False,False
2021_MEHR_SP245,-1.054473401371617,-0.677095694845894,0,False,False
2022_MEHR_SP245,-0.47764846899662067,0.11075681271859152,0,False,False
2023_MEHR_SP245,-1.7682984003568023,-3.8837928914891884,0,False,False
2024_MEHR_SP245,-2.289778884556836,1.1306581796523203,0,False,False
2025_MEHR_SP245,-1.2363753510545588,-2.7997646940818064,0,False,False
2026_MEHR_SP245,-1.0708507583403755,-2.664138963078643,0,False,False
2027_MEHR_SP245,0.34285495840977237,-1.3067807393341078,1,False,False
2028_MEHR_SP245,1.6653494864765523,-0.9011263674026432,1,False,False
2029_MEHR_SP245,2.0253565653443,0.958783732778257,1,False,False
2030_MEHR_SP245,-1.271361752111815,1.3672285817596224,0,False,False
2031_MEHR_SP245,-2.8818765797464176,-0.6026122412730837,0,False,False
2032_MEHR_SP245,2.054366749296656,-0.05014873735064112,1,False,True
2033_MEHR_SP245,-1.664695148406614,3.498355734927269,0,False,False
2034_MEHR_SP245,-1.9596973571618923,-1.7458637777390034,0,False,False
2035_MEHR_SP245,-4.282894173801786,4.826280215742253,0,False,False
2036_MEHR_SP245,-2.618752571494592,-1.6160530872690786,0,False,False
2037_MEHR_SP245,3.087855419603484,-2.0379401358421103,1,False,False
2038_MEHR_SP245,-1.4277474083756123,0.6126337815480845,0,False,False
2039_MEHR_SP245,-2.8147418809051055,2.615296635432833,0,False,False
2040_MEHR_SP245,0.8026128031967142,0.46631058517846213,1,False,False
2041_MEHR_SP245,1.979477957029144,-0.42011245497714295,1,False,False
2042_MEHR_SP245,-1.0167530367265925,4.240375194869716,0,False,False
2043_MEHR_SP245,-0.9193855313996709,0.6425316831969051,0,False,False
2044_MEHR_SP245,-0.15973764701399137,4.047255623754141,1,False,False
2045_MEHR_SP245,-0.03698832698510604,1.6376620762901166,1,False,False
2046_MEHR_SP245,-1.2443469919573076,-0.28638776600384214,0,False,False
2047_MEHR_SP245,-4.691647518546522,2.8318940065696547,0,False,False
2048_MEHR_SP245,-0.9721472304670844,-0.06480787990852349,0,False,False
2049_MEHR_SP245,-0.6820165117595735,3.2715749138469197,0,False,False
2050_MEHR_SP245,-3.7484811867624592,2.8939438409804685,0,False,False
2051_MEHR_SP245,1.6037869827735083,1.0556414940378647,1,False,False
2052_MEHR_SP245,-0.16066800147169322,-0.4600776774082536,0,False,False
2053_MEHR_SP245,-2.179125485944427,1.358060714481763,0,False,False
2054_MEHR_SP245,-0.8434456658335296,-0.9924754283932533,0,False,False
2055_MEHR_SP245,-2.920765259671154,1.2135048270400857,0,False,False
2056_MEHR_SP245,0.7323493835475482,-1.0724621226960425,1,False,False
2057_MEHR_SP245,1.8078940287984395,1.3641004329439776,1,False,False
2058_MEHR_SP245,-0.33862244056031876,3.8096584895949346,1,False,False
2059_MEHR_SP245,-0.7417759277632378,1.5098198241600216,0,False,False
2060_MEHR_SP245,-1.9530761852096672,0.2617242989699136,0,False,False
2061_MEHR_SP245,-0.9826951680926,-0.9083276732709405,0,False,False
2062_MEHR_SP245,-1.383838051608827,4.075520077190772,0,False,False
2063_MEHR_SP245,-0.5797576708592235,-1.6722244503095574,0,False,False
2064_MEHR_SP245,0.012460141752900352,-2.6327949873627023,0,False,False
2065_MEHR_SP245,-0.9065900276607356,1.379550571006511,0,False,False
,-0.17604385650055518,0.3108926859518834,0,False,False
,-3.386704286785684,2.621840899925847,0,False,False
,-3.4097853068355755,2.1105609011431854,0,False,False
,2.015426656133294,-2.4635193705027354,1,False,False
,2.768793465334181,2.836692680959671,1,False,False
,-2.742835732967859,-0.014145247042955493,0,False,False
,0.19981745528157546,1.3027989435555118,1,False,False
,1.958002479381899,3.441587438581072,1,False,False
,0.4290702280918258,0.5081533209751922,1,False,False
,0.1380587205485935,-0.5579044802868276,1,False,False
,1.7545258838485265,1.1662554257528766,1,False,False
,-3.151143573025208,2.771736020462573,0,False,False
,0.07965409496695236,-0.5746136326942727,0,False,False
,1.980322665735964,0.49316831567044955,1,False,True
,0.5799075138357722,1.8083850822966578,1,False,False
,1.2025817356586148,4.326445976962481,1,False,False
,-2.3778057797389525,1.2984215444889218,0,False,False
,0.9680384600370359,0.8043778274316595,1,False,False
,0.6459735900940244,0.73370472510289,1,False,False
,-2.2328602522982903,-0.4576947734622478,0,False,True
,-0.8580586464898031,-0.33803632121194865,0,False,False
,-0.3107064826995693,0.39224654085796173,0,False,False
,-0.1349869888211556,3.7796170540629013,1,False,False
,2.292683792141599,-1.180428772047855,1,False,False
,-1.8958964685581565,-3.6371345254585585,0,False,False
,-1.152564465857309,-1.287428648082676,0,False,False
,1.710186005845094,0.8549393546248439,1,False,False
,-3.5034250381893717,-2.4993662671540795,0,False,False
,1.9936714822588633,1.688732855720713,1,False,False
,1.234060773419917,-1.2407804762756303,1,False,False
,0.37776581194292574,0.6152386733627901,1,False,False
,-1.246261505572064,1.642469113290366,0,False,False
,0.17127911198838194,-1.001691328398671,0,False,False
,1.1244399700443344,1.2971492020932627,1,False,False
,-3.2190438225098936,2.976946541530203,0,False,False
2015_MRM2_SP245,1.8152738226742837,1.5661357864990708,1,False,False
2016_MRM2_SP245,2.6919699253332396,7.00379830849817,1,False,False
2017_MRM2_SP245,0.03717704541196625,-0.626006036830136,0,False,False
2018_MRM2_SP245,-1.7991164472794663,-2.1649620840652264,0,False,False
2019_MRM2_SP245,-1.376724153240976,-1.3621619614058111,0,False,False
2020_MRM2_SP245,-1.9179150043650128,-0.08829645588833734,0,False,False
2021_MRM2_SP245,0.9209476074955656,3.11590987055561,1,False,False
2022_MRM2_SP245,-0.6161590380933669,0.2698795093259239,0,False,False
2023_MRM2_SP245,0.7506414340336875,3.190311744646541,1,False,False
2024_MRM2_SP245,-0.6194286982546914,7.794527271637065,1,False,False
2025_MRM2_SP245,0.9291532687827584,0.459843262628557,1,False,False
2026_MRM2_SP245,-1.8058594769004992,0.027027257323275416,0,False,False
2027_MRM2_SP245,1.8284864781471164,-0.7953062407899472,1,False,False
2028_MRM2_SP245,0.9196437831336701,-3.5072280760567347,1,False,False
2029_MRM2_SP245,-0.4016485078476658,-0.5737831921082162,0,False,False
2030_MRM2_SP245,-1.7705140791425975,4.315213717711323,0,False,False
